titel,grondsoort,grondwaterstand,Biodiversiteitsindex,startjaar,leeftijd plot,oppervlak,Datum,Egelantier8,Fruitboom1,Fruitboom10,Fruitboom11,Fruitboom12,Fruitboom13,Fruitboom14,Fruitboom15,Fruitboom16,Fruitboom17,Fruitboom18,Fruitboom19,Fruitboom2,Fruitboom20,Fruitboom21,Fruitboom22,Fruitboom23,Fruitboom24,Fruitboom25,Fruitboom26,Fruitboom27,Fruitboom28,Fruitboom29,Fruitboom3,Fruitboom30,Fruitboom31,Fruitboom33,Fruitboom34,Fruitboom4,Fruitboom42,Fruitboom43,Fruitboom44,Fruitboom45,Fruitboom46,Fruitboom47,Fruitboom48,Fruitboom49,Fruitboom5,Fruitboom50,Fruitboom51,Fruitboom52,Fruitboom53,Fruitboom54,Fruitboom6,Fruitboom7,Fruitboom8,Fruitboom9,Grote struik11,Grote struik12,Grote struik13,Grote struik14,Grote struik15,Grote struik16,Grote struik18,Grote struik19,Grote struik2,Grote struik20,Grote struik21,Grote struik22,Grote struik23,Grote struik24,Grote struik25,Grote struik3,Grote struik4,Grote struik47,Grote struik5,Grote struik55,Grote struik6,Grote struik7,Grote struik8,Grote struik9,KgCO2/Ha,Naaldboom1,Naaldboom10,Naaldboom11,Naaldboom12,Naaldboom13,Naaldboom14,Naaldboom15,Naaldboom16,Naaldboom17,Naaldboom18,Naaldboom2,Naaldboom23,Naaldboom3,Naaldboom4,Naaldboom5,Naaldboom6,Naaldboom7,Naaldboom8,Naaldboom9,Notenboom1,Notenboom12,Notenboom14,Notenboom19,Notenboom2,Notenboom3,Notenboom32,Notenboom33,Notenboom34,Notenboom35,Notenboom36,Notenboom37,Notenboom38,Notenboom39,Notenboom4,Notenboom40,Notenboom41,Notenboom5,Notenboom9,Overig loofboom1,Overig loofboom10,Overig loofboom11,Overig loofboom12,Overig loofboom13,Overig loofboom14,Overig loofboom15,Overig loofboom16,Overig loofboom17,Overig loofboom18,Overig loofboom2,Overig loofboom24,Overig loofboom26,Overig loofboom27,Overig loofboom28,Overig loofboom29,Overig loofboom3,Overig loofboom30,Overig loofboom31,Overig loofboom32,Overig loofboom35,Overig loofboom36,Overig loofboom37,Overig loofboom38,Overig loofboom39,Overig loofboom40,Overig loofboom41,Overig loofboom42,Overig loofboom43,Overig loofboom45,Overig loofboom48,Overig loofboom5,Overig loofboom56,Overig loofboom57,Overig loofboom58,Overig loofboom59,Overig loofboom6,Overig loofboom7,Overig loofboom8,Overig loofboom9,Pionier/wijker1,Pionier/wijker10,Pionier/wijker11,Pionier/wijker12,Pionier/wijker13,Pionier/wijker14,Pionier/wijker15,Pionier/wijker16,Pionier/wijker17,Pionier/wijker18,Pionier/wijker19,Pionier/wijker2,Pionier/wijker20,Pionier/wijker21,Pionier/wijker22,Pionier/wijker23,Pionier/wijker24,Pionier/wijker25,Pionier/wijker26,Pionier/wijker3,Pionier/wijker4,Pionier/wijker5,Pionier/wijker6,Pionier/wijker7,Pionier/wijker8,Pionier/wijker9,bestemming,dichtsbijzijnde natuur,diverse jonge loofbomen4,gezamelijk jonge bessenstruiken3,plot,provincie,uitgangssituatie
,Kleigrond,15 centimeter onder het maaiveld,,2020,4,25000,20201204,,,,,,,,,,,,,"['diameter: 3 ', 'hoogte: 300 ', 'boomklasse: Dit is een levende boom']",,,,,,,,,,,,,,,,,,,,,,,,,,,,,,,,,,,,,,,,,,,,,,,,,,,,,,,,,,,3989,,,,,,,,,,,,,,,,,,,,,,,,,,,,,,,,,,,,,,,,,,,,,,,,,,,,,,,,,,,,,,,,,,,,,,,,,,,,,,,"['diameter: 10 ', 'hoogte: 2000 ', 'boomklasse: Dit is een dode boom']",,,,,,,,,,,,,,,,,,,,,,,,,,['Recreatie'],2 kilometer,,,[4168],Noord-Holland,Populierenbos (gekapt)
,Zandgrond,15 centimeter onder het maaiveld,,2020,2,15000,20201218,,"['diameter: 8 ', 'hoogte: 220 ', 'boomklasse: Dit is een levende boom']",,,,,,,,,,,,,,,,,,,,,,,,,,,"['diameter: 15 ', 'hoogte: 400 ', 'boomklasse: Dit is een levende boom']",,,,,,,,,,,,,,,"['diameter: 15 ', 'hoogte: 400 ', 'boomklasse: Dit is een levende boom']","['diameter: 9 ', 'hoogte: 300 ', 'boomklasse: Dit is een levende boom']",,"['diameter: 9 ', 'hoogte: 350 ', 'boomklasse: Dit is een levende boom']",,,,,,,,,,,,,,,,,,,,,,,,,13885,,,,,,,,,,,,,,,,,,,,,,,,"['diameter: 15 ', 'hoogte: 400 ', 'boomklasse: Dit is een levende boom']","['diameter: 15 ', 'hoogte: 400 ', 'boomklasse: Dit is een levende boom']",,,,,,,,,,,,"['diameter: 25 ', 'hoogte: 650 ', 'boomklasse: Dit is een levende boom']",,,,,,,,,,,,,,,,,,,,,,,,,,,,,,,,,,,,,,,,,,,,,,,,,,,,,,,,,,,,,,,,,,"['diameter: 9 ', 'hoogte: 300 ', 'boomklasse: Dit is een levende boom']",,['Agrarisch'],Het voedselbos grenst aan natuur,,,[10730],Overijssel,Weiland
,Zandgrond,15 centimeter onder het maaiveld,,2020,2,15000,20201205,,,,,,,,,,,,,"['diameter: 3 ', 'hoogte: 180 ', 'boomklasse: Dit is een levende boom']",,,,,,,,,,,,,,,,"['diameter: 4 ', 'hoogte: 200 ', 'boomklasse: Dit is een levende boom']",,,,,,,,,"['diameter: 5 ', 'hoogte: 160 ', 'boomklasse: Dit is een levende boom']",,,,,,"['diameter: 4 ', 'hoogte: 160 ', 'boomklasse: Dit is een levende boom']","['diameter: 10 ', 'hoogte: 260 ', 'boomklasse: Dit is een levende boom']","['diameter: 10 ', 'hoogte: 200 ', 'boomklasse: Dit is een levende boom']",,,,,,,,,,,,,,,,,,,,,,,,,,1081,,,,,,,,,,,,,,,,,,,,"['diameter: 3 ', 'hoogte: 130 ', 'boomklasse: Dit is een levende boom']",,,,,"['diameter: 4 ', 'hoogte: 200 ', 'boomklasse: Dit is een levende boom']",,,,,,,,,,,,,,,,,,,,,,,,,,,,,,,,,,,,,,,,,,,,,,,,,,,,,,,,,,,,,,,,,,,,,,,,,,,,,,,,['Agrarisch'],Het voedselbos grenst aan natuur,,,[10730],Overijssel,Weiland
,Zandgrond,60-120 centimeter onder het maaiveld,,2020,3,5000,20201221,,,,,,,,,,,,,,,,,,,,,,,,,,,,,,,,,,,,,,,,,,,,,,,,,,,,,,,,,,,,,,,,,,,,,,,,12640,,,,,,,,,,,,,,,,,,,,,,,,,,,,,,,,,,,,,,,,,,,,,,,,,,,,,,,,,,,,,,,,,,,,,,,,,,,,,,,,,,,,,,,,,,,,,,,,,,,,,,,,,['Agrarisch'],Het voedselbos grenst aan natuur,,,[4510],Gelderland,Weiland
,Kleigrond,15 centimeter onder het maaiveld,,2020,1,25000,20201204,,,,,,,,,,,,,,,,,,,,,,,,,,,,,,,,,,,,,,,,,,,,,,,,,,,,,,,,,,,,,,,,,,,,,,,,3087,,,,,,,,,,,,,,,,,,,,,,,,,,,,,,,,,,,,,,,,,,,,,,,,,,,,,,,,,,,,,,,,,,,,,,,,,,,,,,,,,,,,,,,,,,,,,,,,,,,,,,,,,['Recreatie'],2 kilometer,,,[3941],Noord-Holland,Populierenbos (gekapt)
,Kleigrond,15 centimeter onder het maaiveld,,2020,1,25000,20201204,,,,,,,,,,,,,,,,,,,,,,,,,,,,,,,,,,,,,,,,,,,,,,,,,,,,,,,,,,,,,,,,,,,,,,,,811,,,,,,,,,,,,,,,,,,,,,,,,,,,,,,,,,,,,,,,,,,,,,,,,,,,,,,,,,,,,,,,,,,,,,,,,,,,,,,,,,,,,,,,,,,,,,,,,,,,,,,,,,['Recreatie'],2 kilometer,,,[3942],Noord-Holland,Populierenbos (gekapt)
,"Los, silt of lemig zand",dieper,,2015,10,5730,20201030,,,,,,,,,,,,,,,,,,,,,,,,,,,,,,,,,,,,,,,,,,,,,,,,,,,,,,,,,,,,,,,,,,,,,,,,5414,,,,,,,,,,,,,,,,,,,,,,,,,,,,,,,,,,,,,,,,,,,,,,,,,,,,,,,,,,,,,,,,,,,,,,,,,,,,,,,,,,,,,,,,,,,,,,,,,,,,,,,,,['Agrarisch'],Het voedselbos grenst aan natuur,,,[3465],Limburg,Boomgaard
,Zandgrond,15 centimeter onder het maaiveld,,2020,1,-4,20201019,,,,,,,,,,,,,,,,,,,,,,,,,,,,,,,,,,,,,,,,,,,,,,,,,,,,,,,,,,,,,,,,,,,,,,,,2665,,,,,,,,,,,,,,,,,,,,,,,,,,,,,,,,,,,,,,,,,,,,,,,,,,,,,,,,,,,,,,,,,,,,,,,,,,,,,,,,,,,,,,,,,,,,,,,,,,,,,,,,,['Recreatie'],Het voedselbos grenst aan natuur,,,[1465],Gelderland,Weiland
,"Los, silt of lemig zand",60-120 centimeter onder het maaiveld,,2009,7,24.000,20200928,,,,,,,,,,,,,,,,,,,,,,,,,,,,,,,,,,,,,,,,,,,,,,,,,,,,,,,,,,,,,,,,,,,,,,,,3250,,,,,,,,,,,,,,,,,,,,,,,,,,,,,,,,,,,,,,,,,,,,,,,,,,,,,,,,,,,,,,,,,,,,,,,,,,,,,,,,,,,,,,,,,,,,,,,,,,,,,,,,,['Agrarisch'],"0,5 kilometer",,,[1482],Gelderland,Akkerbouw
,,,,,2,,20200922,,,,,,,,,,,,,,,,,,,,,,,,,,,,,,,,,,,,,,,,,,,,,,,,,,,,,,,,,,,,,,,,,,,,,,,,112,,,,,,,,,,,,,,,,,,,,,,,,,,,,,,,,,,,,,,,,,,,,,,,,,,,,,,,,,,,,,,,,,,,,,,,,,,,,,,,,,,,,,,,,,,,,,,,,,,,,,,,,,,,,,[1411],,
,Zandgrond,15 centimeter onder het maaiveld,,2020,45,20000,20200709,,,,,,,,,,,,,,,,,,,,,,,,,,,,,,,,,,,,,,,,,,,,,,,,,,,,,,,,,,,,,,,,,,,,,,,,46526,,,,,,,,,,,,,,,,,,,,,,,,,,,,,,,,,,,,,,,,,,,,,,,,,,,,,,,,,,,,,,,,,,,,,,,,,,,,,,,,,,,,,,,,,,,,,,,,,,,,,,,,,['Bos'],"0,5 kilometer",,,[1217],Overijssel,Weiland
,Zandgrond,15 centimeter onder het maaiveld,,2020,40,20000,20200709,,,,,,,,,,,,,,,,,,,,,,,,,,,,,,,,,,,,,,,,,,,,,,,,,,,,,,,,,,,,,,,,,,,,,,,,161155,,,,,,,,,,,,,,,,,,,,,,,,,,,,,,,,,,,,,,,,,,,,,,,,,,,,,,,,,,,,,,,,,,,,,,,,,,,,,,,,,,,,,,,,,,,,,,,,,,,,,,,,,['Bos'],"0,5 kilometer",,,[1215],Overijssel,Weiland
,"zavel, rivierklei met rivierzand",15 centimeter onder het maaiveld,,2018,4,300,20200705,,,,,,,,,,,,,,,,,,,,,,,,,,,,,,,,,,,,,,,,,,,,,,,,,,,,,,,,,,,,,,,,,,,,,,,,0,,,,,,,,,,,,,,,,,,,,,,,,,,,,,,,,,,,,,,,,,,,,,,,,,,,,,,,,,,,,,,,,,,,,,,,,,,,,,,,,,,,,,,,,,,,,,,,,,,,,,,,,,"['Agrarisch', 'biologische tuinderij']",2 kilometer,,,[1203],Overijssel,Weiland
,Zandgrond,dieper,,2013,4,6200,20200624,,,,,,,,,,,,,,,,,,,,,,,,,,,,,,,,,,,,,,,,,,,,,,,,,,,,,,,,,,,,,,,,,,,,,,,,3183,,,,,,,,,,,,,,,,,,,,,,,,,,,,,,,,,,,,,,,,,,,,,,,,,,,,,,,,,,,,,,,,,,,,,,,,,,,,,,,,,,,,,,,,,,,,,,,,,,,,,,,,,['Wonen'],Het voedselbos grenst aan natuur,,,[1185],Overijssel,Gemengd bos en tuin
,Zandgrond,15 centimeters below ground level,,20210101,60,140000,20200618,,,,,,,,,,,,,,,,,,,,,,,,,,,,,,,,,,,,,,,,,,,,,,,,,,,,,,,,,,,,,,,,,,,,,,,,61105,,,,,,,,,,,,,,,,,,,,,,,,,,,,,,,,,,,,,,,,,,,,,,,,,,,,,,,,,,,,,,,,,,,,,,,,,,,,,,,,,,,,,,,,,,,,,,,,,,,,,,,,,"['Bos', 'Natuur']",The food forest borders on nature,,,[1165],Gelderland,Naaldbos
,Kleigrond,15 centimeter onder het maaiveld,,2016,15,2000,20200624,,,,,,,,,,,,,,,,,,,,,,,,,,,,,,,,,,,,,,,,,,,,,,,,,,,,,,,,,,,,,,,,,,,,,,,,712150,,,,,,,,,,,,,,,,,,,,,,,,,,,,,,,,,,,,,,,,,,,,,,,,,,,,,,,,,,,,,,,,,,,,,,,,,,,,,,,,,,,,,,,,,,,,,,,,,,,,,,,,,['Wonen'],Het voedselbos grenst aan natuur,,,[983],Zuid-Holland,Gemengd bos
,Kleigrond,15 centimeter onder het maaiveld,,2016,4,5000,20200624,,,,,,,,,,,,,,,,,,,,,,,,,,,,,,,,,,,,,,,,,,,,,,,,,,,,,,,,,,,,,,,,,,,,,,,,911,,,,,,,,,,,,,,,,,,,,,,,,,,,,,,,,,,,,,,,,,,,,,,,,,,,,,,,,,,,,,,,,,,,,,,,,,,,,,,,,,,,,,,,,,,,,,,,,,,,,,,,,,['Agrarisch'],meer dan 2 kilometer,,,[980],Zuid-Holland,Weiland
,lemig zand en rulle klei ,15-60 centimeter onder het maaiveld,,2018,10,10.200,20200715,,,,,,,,,,,,,,,,,,,,,,,,,,,,,,,,,,,,,,,,,,,,,,,,,,,,,,,,,,,,,,,"['diameter: 30 ', 'hoogte: 400 ', 'boomklasse: Dit is een levende boom']","['diameter: 26 ', 'hoogte: 300 ', 'boomklasse: Dit is een levende boom']",,,,,,,,81320,,,,,,,,,,,,,,,,,,,,"['diameter: 2 ', 'hoogte: 200 ', 'boomklasse: Dit is een levende boom']",,,,,,,,,,,,,,,,,"['diameter: 21 ', 'hoogte: 650 ', 'boomklasse: Dit is een levende boom']",,,,,,,,,,,,"['diameter: 1.5 ', 'hoogte: 200 ', 'boomklasse: Dit is een levende boom']",,,,,,,,,,,,,,,,,,,,,,,,,,"['diameter: 23 ', 'hoogte: 1400 ', 'boomklasse: Dit is een dode boom']","['diameter: 13 ', 'hoogte: 400 ', 'boomklasse: Dit is een dode boom']","['diameter: 25 ', 'hoogte: 400 ', 'boomklasse: Dit is een dode boom']","['diameter: 70 ', 'hoogte: 500 ', 'boomklasse: Dit is een dode boom']",,,,,,,,,,,,,,,,,,,,,,,,,,,['Natuur'],"0,5 kilometer",,,[1138],Noord-Holland,Gemengd bos
,Kleigrond,dieper,,2019,1,10000,20200609,,,,,,,,,,,,,,,,,,,,,,,,,,,,,,,,,,,,,,,,,,,,,,,,,,,,,,,,,,,,,,,,,,,,,,,,13179,,,,,,,,,,,,,,,,,,,,,,,,,,,,,,,,,,,,,,,,,,,,,,,,,,,,,,,,,,,,,,,,,,,,,,,,,,,,,,,,,,,,,,,,,,,,,,,,,,,,,,,,,['Agrarisch'],Het voedselbos grenst aan natuur,,,[1129],Occitanie,Akkerbouw/bos
,Bovenste 50 cm zavel daaronder rivierklei,dieper,,2020,20,27300,20200623,,,,,,,,,,,,,,,,,,,,,,,,,,,,,,,,,,,,,,,,,,,,,,,,,,,,,,,,,,,,,,,,,,,,,,,,41285,,,,,,,,,,,,,,,,,,,,,,,,,,,,,,,,,,,,,,,,,,,,,,,,,,,,,,,,,,,,,,,,,,,,,,,,,,,,,,,,,,,,,,,,,,,,,,,,,,,,,,,,,"['Agrarisch', '(Archeologische of landschappelijke) waarde']","0,5 kilometer",,,[1121],Gelderland,Boomgaard
,zand gemengd met keileemlagen,15-60 centimeter onder het maaiveld,,2015,5,1000,20200619,,,,,,,,,,,,,,,,,,,,,,,,,,,,,,,,,,,,,,,,,,,,,,,,,,,,,,,,,,,,,,,,,,,,,,,,16596,,,,,,,,,,,,,,,,,,,,,,,,,,,,,,,,,,,,,,,,,,,,,,,,,,,,,,,,,,,,,,,,,,,,,,,,,,,,,,,,,,,,,,,,,,,,,,,,,,,,,,,,,['Beheersverordening Haren - Noord'],Het voedselbos grenst aan natuur,,,[888],Groningen,bramenveld omringd door bomen
,Zandgrond,15 centimeter onder het maaiveld,,2020,3,1000,20200619,,,,,,,,,,,,,,,,,,,,,,,,,,,,,,,,,,,,,,,,,,,,,,,,,,,,,,,,,,,,,,,,,,,,,,,,5,,,,,,,,,,,,,,,,,,,,,,,,,,,,,,,,,,,,,,,,,,,,,,,,,,,,,,,,,,,,,,,,,,,,,,,,,,,,,,,,,,,,,,,,,,,,,,,,,,,,,,,,,['bestemming ecodorp'],"0,5 kilometer",,,[1102],Groningen,Weiland
,Kleigrond,60-120 centimeter onder het maaiveld,,2016,4,15.000,20200613,,,,,,,,,,,,,,,,,,,,,,,,,,,,,,,,,,,,,,,,,,,,,,,,,,,,,,,,,,,,,,,,,,,,,,,,428,,,,,,,,,,,,,,,,,,,,,,,,,,,,,,,,,,,,,,,,,,,,,,,,,,,,,,,,,,,,,,,,,,,,,,,,,,,,,,,,,,,,,,,,,,,,,,,,,,,,,,,,,['Natuur'],"0,5 kilometer",,,[1085],Gelderland,Weiland
,Zandgrond,dieper,,2017,10,13000,20200615,,,,,,,,,,,,,,,,,,,,,,,,,,,,,,,,,,,,,,,,,,,,,,,,,,,,,,,,,,,,,,,,,,,,,,,,100,,,,,,,,,,,,,,,,,,,,,,,,,,,,,,,,,,,,,,,,,,,,,,,,,,,,,,,,,,,,,,,,,,,,,,,,,,,,,,,,,,,,,,,,,,,,,,,,,,,,,,,,,['Agrarisch'],Het voedselbos grenst aan natuur,,,[1064],Gelderland,Akkerbouw
,Kleigrond,60-120 centimeter onder het maaiveld,,2016,4,15.000,20200613,,,,,,,,,,,,,,,,,,,,,,,,,,,,,,,,,,,,,,,,,,,,,,,,,,,,,,,,,,,,,,,,,,,,,,,,4371,,,,,,,,,,,,,,,,,,,,,,,,,,,,,,,,,,,,,,,,,,,,,,,,,,,,,,,,,,,,,,,,,,,,,,,,,,,,,,,,,,,,,,,,,,,,,,,,,,,,,,,,,['Natuur'],"0,5 kilometer",,,[1054],Gelderland,Weiland
,Zandgrond,15-60 centimeter onder het maaiveld,,2019,10,2000,20200611,,,,,,,,,,,,,,,,,,,,,,,,,,,,,,,,,,,,,,,,,,,,,,,,,,,,,,,,,,,,,,,,,,,,,,,,23526,,,,,,,,,,,,,,,,,,,,,,,,,,,,,,,,,,,,,,,,,,,,,,,,,,,,,,,,,,,,,,,,,,,,,,,,,,,,,,,,,,,,,,,,,,,,,,,,,,,,,,,,,['Wonen'],Het voedselbos grenst aan natuur,,,[1042],Noord-Holland,Tuin
,Zandgrond,dieper,,2017,1,22000,20200610,,,,,,,,,,,,,,,,,,,,,,,,,,,,,,,,,,,,,,,,,,,,,,,,,,,,,,,,,,,,,,,,,,,,,,,,292,,,,,,,,,,,,,,,,,,,,,,,,,,,,,,,,,,,,,,,,,,,,,,,,,,,,,,,,,,,,,,,,,,,,,,,,,,,,,,,,,,,,,,,,,,,,,,,,,,,,,,,,,"['Agrarisch', 'Wonen']",Het voedselbos grenst aan natuur,,,[1029],Noord-Brabant,Weiland
,Zandgrond,dieper,,2018,1,5000,20200610,,,,,,,,,,,,,,,,,,,,,,,,,,,,,,,,,,,,,,,,,,,,,,,,,,,,,,,,,,,,,,,,,,,,,,,,23,,,,,,,,,,,,,,,,,,,,,,,,,,,,,,,,,,,,,,,,,,,,,,,,,,,,,,,,,,,,,,,,,,,,,,,,,,,,,,,,,,,,,,,,,,,,,,,,,,,,,,,,,['Agrarisch'],2 kilometer,,,[999],Overijssel,Weiland
,Zandgrond,60-120 centimeter onder het maaiveld,,2020,0,8800,20200609,,,,,,,,,,,,,,,,,,,,,,,,,,,,,,,,,,,,,,,,,,,,,,,,,,,,,,,,,,,,,,,,,,,,,,,,nan,,,,,,,,,,,,,,,,,,,,,,,,,,,,,,,,,,,,,,,,,,,,,,,,,,,,,,,,,,,,,,,,,,,,,,,,,,,,,,,,,,,,,,,,,,,,,,,,,,,,,,,,,['Agrarisch'],2 kilometer,,,[1013],Noord-Brabant,Akkerbouw
,Zandgrond,60-120 centimeter onder het maaiveld,,2017,2,6000,20200608,,,,,,,,,,,,,,,,,,,,,,,,,,,,,,,,,,,,,,,,,,,,,,,,,,,,,,,,,,,,,,,,,,,,,,,,512,,,,,,,,,,,,,,,,,,,,,,,,,,,,,,,,,,,,,,,,,,,,,,,,,,,,,,,,,,,,,,,,,,,,,,,,,,,,,,,,,,,,,,,,,,,,,,,,,,,,,,,,,"['Agrarisch', 'Wonen']","0,5 kilometer",,,[928],Noord-Brabant,Akkerbouw
,zwaklemig fijn zand,15-60 centimeter onder het maaiveld,,2018,2,6500,20200529,,,,,,,,,,,,,,,,,,,,,,,,,,,,,,,,,,,,,,,,,,,,,,,,,,,,,,,,,,,,,,,,,,,,,,,,325,,,,,,,,,,,,,,,,,,,,,,,,,,,,,,,,,,,,,,,,,,,,,,,,,,,,,,,,,,,,,,,,,,,,,,,,,,,,,,,,,,,,,,,,,,,,,,,,,,,,,,,,,['Agrarisch'],"0,5 kilometer",,,[974],Noord-Brabant,Akkerbouw
,Zandgrond,60-120 centimeter onder het maaiveld,,2020,0,8800,20200603,,,,,,,,,,,,,,,,,,,,,,,,,,,,,,,,,,,,,,,,,,,,,,,,,,,,,,,,,,,,,,,,,,,,,,,,nan,,,,,,,,,,,,,,,,,,,,,,,,,,,,,,,,,,,,,,,,,,,,,,,,,,,,,,,,,,,,,,,,,,,,,,,,,,,,,,,,,,,,,,,,,,,,,,,,,,,,,,,,,['Agrarisch'],2 kilometer,,,[966],Noord-Brabant,Akkerbouw
,"Combinatie zand, klei en veen",60-120 centimeter onder het maaiveld,,2017,3,6000,20200602,,,,,,,,,,,,,,,,,,,,,,,,,,,,,,,,,,,,,,,,,,,,,,,,,,,,,,,,,,,,,,,,,,,,,,,,571,,,,,,,,,,,,,,,,,,,,,,,,,,,,,,,,,,,,,,,,,,,,,,,,,,,,,,,,,,,,,,,,,,,,,,,,,,,,,,,,,,,,,,,,,,,,,,,,,,,,,,,,,['Recreatie'],Het voedselbos grenst aan natuur,,,[949],Noord-Brabant,Boomkwekerij
,Zandgrond,60-120 centimeter onder het maaiveld,,2020,0,18000,20200531,,,,,,,,,,,,,,,,,,,,,,,,,,,,,,,,,,,,,,,,,,,,,,,,,,,,,,,,,,,,,,,,,,,,,,,,nan,,,,,,,,,,,,,,,,,,,,,,,,,,,,,,,,,,,,,,,,,,,,,,,,,,,,,,,,,,,,,,,,,,,,,,,,,,,,,,,,,,,,,,,,,,,,,,,,,,,,,,,,,['Agrarisch'],2 kilometer,,,[933],Noord-Brabant,Weiland
,Zandgrond,60-120 centimeter onder het maaiveld,,2020,0,18000,20200528,,,,,,,,,,,,,,,,,,,,,,,,,,,,,,,,,,,,,,,,,,,,,,,,,,,,,,,,,,,,,,,,,,,,,,,,nan,,,,,,,,,,,,,,,,,,,,,,,,,,,,,,,,,,,,,,,,,,,,,,,,,,,,,,,,,,,,,,,,,,,,,,,,,,,,,,,,,,,,,,,,,,,,,,,,,,,,,,,,,['Agrarisch'],2 kilometer,,,[910],Noord-Brabant,Weiland
,Zandgrond,60-120 centimeter onder het maaiveld,,2018,1,27500,20200524,,,,,,,,,,,,,,,,,,,,,,,,,,,,,,,,,,,,,,,,,,,,,,,,,,,,,,,,,,,,,,,,,,,,,,,,366,,,,,,,,,,,,,,,,,,,,,,,,,,,,,,,,,,,,,,,,,,,,,,,,,,,,,,,,,,,,,,,,,,,,,,,,,,,,,,,,,,,,,,,,,,,,,,,,,,,,,,,,,"['Agrarisch', '(Archeologische of landschappelijke) waarde']",Het voedselbos grenst aan natuur,,,[833],Groningen,Boomkwekerij 
,Zandgrond,60-120 centimeter onder het maaiveld,,2018,5,27500,20200524,,,,,,,,,,,,,,,,,,,,,,,,,,,,,,,,,,,,,,,,,,,,,,,,,,,,,,,,,,,,,,,,,,,,,,,,1065,,,,,,,,,,,,,,,,,,,,,,,,,,,,,,,,,,,,,,,,,,,,,,,,,,,,,,,,,,,,,,,,,,,,,,,,,,,,,,,,,,,,,,,,,,,,,,,,,,,,,,,,,"['Agrarisch', '(Archeologische of landschappelijke) waarde']",Het voedselbos grenst aan natuur,,,[831],Groningen,Boomkwekerij 
,rots ,dieper,,2018,5,19995,20200511,,,,,,,,,,,,,,,,,,,,,,,,,,,,,,,,,,,,,,,,,,,,,,,,,,,,,,,,,,,,,,,,,,,,,,,,5302,,,,,,,,,,,,,,,,,,,,,,,,,,,,,,,,,,,,,,,,,,,,,,,,,,,,,,,,,,,,,,,,,,,,,,,,,,,,,,,,,,,,,,,,,,,,,,,,,,,,,,,,,['Bos'],Het ligt midden in of pal naast de natuur,,,[702],Schotland,productie bos 
,,,,,10,,20200506,,,,,,,,,,,,,,,,,,,,,,,,,,,,,,,,,,,,,,,,,,,,,,,,,,,,,,,,,,,,,,,,,,,,,,,,,,,,,,,,,,,,,,,,,,,,,,,,,,,,,,,,,,,,,,,,,,,,,,,,,,,,,,,,,,,,,,,,,,,,,,,,,,,,,,,,,,,,,,,,,,,,,,,,,,,,,,,,,,,,,[462],,
,mix,15 centimeter onder het maaiveld,,2021,25,45000,20210414,,,,,,,,,,,,,,,,,,,,,,,,,,,,,,,,,,,,,,,,,,,,,,,,,,,,,,,,,,,,,,,,,,,,,,,,244320,,,,,,,,,,,,,,,,,,,,,,,,,,,,,,,,,,,,,,,,,,,,,,,,,,,,,,,,,,,,,,,,,,,,,,,,,,,,,,,"['diameter: 70 ', 'hoogte: 2500 ', 'boomklasse: Dit is een levende boom']",,,,,,,,,,,,,,,,,,,,,,,,,,['Recreatie'],Het voedselbos grenst aan natuur,,,[34506],Zuid-Holland,Weiland
,Zandgrond,15 centimeter onder het maaiveld,,2021,1,6,20211102,,,,,,,,,,,,,,,,,,,,,,,,,,,,,,,,,,,,,,,,,,,,,,,,,,,,,,,,,,,,,,,,,,,,,,,,176,,,,,,,,,,,,,,,,,,,,,,,,"['diameter: 6 ', 'hoogte: 140 ', 'boomklasse: Dit is een levende boom']",,,,,,,,,,,,,,,"['diameter: 5 ', 'hoogte: 150 ', 'boomklasse: Dit is een levende boom']",,,,,,,,,,,,,,,,,,,,,,,,,,,,,,,,,,,,,,,,,,,,,,,,,,,,,,,,,,,,,,,,,,['(Archeologische of landschappelijke) waarde'],meer dan 2 kilometer,,,[13878],Noord-Holland,Bouw/kale grond
,"Los, silt of lemig zand",dieper,,2018,15,15000,20211013,,,,,,,,,,,,,,,,,,,,,,,,,,,,,,,,,,,,,,,,,,,,"['diameter: 13 ', 'hoogte: 208 ', 'boomklasse: Dit is een levende boom']","['diameter: 12 ', 'hoogte: 216 ', 'boomklasse: Dit is een levende boom']","['diameter: 16 ', 'hoogte: 214 ', 'boomklasse: Dit is een levende boom']",,,,,,,,,,,,,,,,,,,,,,,,,,15945,,,,,,,,,,,,,"['diameter: 12 ', 'hoogte: 319 ', 'boomklasse: Dit is een levende boom']","['diameter: 20 ', 'hoogte: 408 ', 'boomklasse: Dit is een levende boom']","['diameter: 14 ', 'hoogte: 310 ', 'boomklasse: Dit is een levende boom']",,,,"['diameter: 10 ', 'hoogte: 211 ', 'boomklasse: Dit is een levende boom']",,,,,,,,,,,,,,,,,,,,"['diameter: 20 ', 'hoogte: 1000 ', 'boomklasse: Dit is een levende boom']","['diameter: 19 ', 'hoogte: 435 ', 'boomklasse: Dit is een levende boom']",,,,,,,,,"['diameter: 10 ', 'hoogte: 201 ', 'boomklasse: Dit is een levende boom']",,,,,,,,,,,,,,,,,,,,,,,,,,,,,,,,,,,,,,,,,,,,,,,,,,,,,,,,"['Agrarisch', 'Bos']","0,5 kilometer",,,[3518],Aragón,Akkerbouw
,Zandgrond,60-120 centimeter onder het maaiveld,,2021,40,10.000,20211006,,,,,,,,,,,,,,,,,,,,,,,,,,,,,,,,,,,,,,,,,,,,,,,,,,,,,,,"['diameter: 12.7 ', 'hoogte: 1365 ', 'boomklasse: Dit is een levende boom']",,"['diameter: 12.8 ', 'hoogte: 1400 ', 'boomklasse: Dit is een levende boom']","['diameter: 12.9 ', 'hoogte: 900 ', 'boomklasse: Dit is een levende boom']","['diameter: 14.33 ', 'hoogte: 600 ', 'boomklasse: Dit is een levende boom']",,,,,,,,,,,,,429684,"['diameter: 32 ', 'hoogte: 2400 ', 'boomklasse: Dit is een levende boom']","['diameter: 16 ', 'hoogte: 1200 ', 'boomklasse: Dit is een levende boom']","['diameter: 16 ', 'hoogte: 1000 ', 'boomklasse: Dit is een dode boom']","['diameter: 25 ', 'hoogte: 2200 ', 'boomklasse: Dit is een levende boom']","['diameter: 24 ', 'hoogte: 2100 ', 'boomklasse: Dit is een levende boom']","['diameter: 25 ', 'hoogte: 2150 ', 'boomklasse: Dit is een levende boom']","['diameter: 24.5 ', 'hoogte: 2100 ', 'boomklasse: Dit is een levende boom']","['diameter: 25 ', 'hoogte: 2100 ', 'boomklasse: Dit is een levende boom']","['diameter: 24.5 ', 'hoogte: 2100 ', 'boomklasse: Dit is een levende boom']","['diameter: 12.7 ', 'hoogte: 1400 ', 'boomklasse: Dit is een levende boom']","['diameter: 33 ', 'hoogte: 2400 ', 'boomklasse: Dit is een levende boom']","['diameter: 20.7 ', 'hoogte: 2250 ', 'boomklasse: Dit is een levende boom']","['diameter: 30 ', 'hoogte: 2300 ', 'boomklasse: Dit is een levende boom']","['diameter: 24 ', 'hoogte: 800 ', 'boomklasse: Dit is een dode boom']","['diameter: 44.5 ', 'hoogte: 2350 ', 'boomklasse: Dit is een levende boom']","['diameter: 19 ', 'hoogte: 1950 ', 'boomklasse: Dit is een levende boom']","['diameter: 19 ', 'hoogte: 2000 ', 'boomklasse: Dit is een levende boom']","['diameter: 12.7 ', 'hoogte: 2000 ', 'boomklasse: Dit is een levende boom']","['diameter: 12.8 ', 'hoogte: 2000 ', 'boomklasse: Dit is een levende boom']",,,,,,,,,,,,,,,,,,,,,,,,,,,,,,,,,,,,,,,,,,,,,,,,,,,,,,,,,,,,,,,,,,,,,,,,,,,,,,,,,,,,,,"['Agrarisch', '(Archeologische of landschappelijke) waarde']","0,5 kilometer",,,[13440],Drenthe,Gemengd bos
,Veen/klei grond met daarboven een laag organisch materiaal.,15 centimeter onder het maaiveld,,2021,1,400,20211002,,,,,,,,,,,,,,,,,,,,,,,,,,,,,,,,,,,,,,,,,,,,,,,,,,,,,,,,,,,,,,,,,,,,,,,,144,,,,,,,,,,,,,,,,,,,,"['diameter: 1.5 ', 'hoogte: 200 ', 'boomklasse: Dit is een levende boom']",,,,"['diameter: 1.5 ', 'hoogte: 200 ', 'boomklasse: Dit is een levende boom']","['diameter: 2 ', 'hoogte: 200 ', 'boomklasse: Dit is een levende boom']",,,,,,,,,"['diameter: 2.5 ', 'hoogte: 170 ', 'boomklasse: Dit is een levende boom']",,,,,,,,,,,,,,,,,,,,,,,,,,,,,,,,,,,,,,,,,,,,,,,,,,,,,,,,,,,,,,,,,,"['diameter: 4 ', 'hoogte: 400 ', 'boomklasse: Dit is een levende boom']",,,,,['Recreatie'],Het voedselbos grenst aan natuur,,,[13372],Zuid-Holland,Bouw/kale grond
,Zandgrond,15 centimeter onder het maaiveld,,2021,5,6000,20210930,,,,,,,,,,,,,,,,,,,,,,,,,,,,,,,,,,,,,,,,,,,,,,,,,,,,,,,,,,,,,,,,,,,,,,,,2809620,,,,,,,,,,,,,,,,,,,,,,,,,,,,,,,,,,,,,,,"['diameter: 399 ', 'hoogte: 2400 ', 'boomklasse: Dit is een levende boom']",,,,,,,,,,,,,,,,,,,,,,,,,,,,,,,,,,,,,,,,,,,,,,,,,,,"['diameter: 6 ', 'hoogte: 200 ', 'boomklasse: Dit is een levende boom']",,,,,,,,"['diameter: 11 ', 'hoogte: 300 ', 'boomklasse: Dit is een levende boom']","['diameter: 19 ', 'hoogte: 628 ', 'boomklasse: Dit is een dode boom']",,,,,,"['Bos', 'Wonen']","0,5 kilometer",,,[13343],Gelderland,Gemengd bos
,Zandgrond,15 centimeters below ground level,,20210101,60,140000,20210720,,,,,,,,,,,,,,,,,,,,,,,,,,,,,,,,,,,,,,,,,,,,,,,,,,,,,,,,,,,,,,,,,,,,,,,,243320,,,,,,,,,,,,,,,,,,,,,,,,,,,,,,,,,,,,,,,,,,,,,,,,,,,,,,,,,,,,,,,,,,,,,,,,,,,,,,,,,,,,,,,,,,,,,,,,,,,,,,,,,"['Bos', 'Natuur']",The food forest borders on nature,,,[1175],Gelderland,Naaldbos
,Zandgrond,15 centimeters below ground level,,20210101,60,140000,20210720,,,,,,,,,,,,,,,,,,,,,,,,,,,,,,,,,,,,,,,,,,,,,,,,,,,,,,,,,,,,,,,,,,,,,,,,97276,,,,,,,,,,,,,,,,,,,,,,,,,,,,,,,,,,,,,,,,,,,,,,,,,,,,,,,,,,,,,,,,,,,,,,,,,,,,,,,,,,,,,,,,,,,,,,,,,,,,,,,,,"['Bos', 'Natuur']",The food forest borders on nature,,,[1165],Gelderland,Naaldbos
,Kleigrond,15-60 centimeter onder het maaiveld,,2019,0,15.000,20210804,,,,,,,,,,,,,,,,,,,,,,,,,,,,,,,,,,,,,,,,,,,,,,,,,,,,,,,,,,,,,,,,,,,,,,,,148,,,,,,,,,,,,,,,,,,,,,,,,,,,,,,,,,,,,,,,,,,,,,,,,,,,,,,,,,,,,,,,,,,,,,,,,,,,,,,,"['diameter: 6 ', 'hoogte: 206 ', 'boomklasse: Dit is een levende boom']",,,,,,,,,,,,,,,,,,,,,,,,,,['Agrarisch'],"0,5 kilometer",,,[1351],Utrecht,"weiland, kale grond en tuin"
,"Loess, silt or loamy sand",15 centimeters below ground level,,20211101,0,10000,20210809,,,,,,,,,,,,,,,,,,,,,,,,,,,,,,,,,,,,,,,,,,,,,,,,,,,,,,,,,,,,,,,,,,,,,,,,499,,,,,,,,,,,,,,,,,,,,,,,,,,,,,,,,,,,,,,,,,,,,,,,,,,,,,,,,,,,,,,,,,,,,,,,,,,,,,,,,,,,,,,,,,,,,,,,,,,,,,,,,,['Agricultural'],"0,5 kilometer",,,[12263],Wallonie,Grass fields
,zanddek op veen ,60-120 centimeter onder het maaiveld,,2015,6,20000,20210726,,,"['diameter: 4.14 ', 'hoogte: 300 ', 'boomklasse: Dit is een levende boom']",,,,,,"['diameter: 4.5 ', 'hoogte: 250 ', 'boomklasse: Dit is een levende boom']","['diameter: 4 ', 'hoogte: 200 ', 'boomklasse: Dit is een levende boom']",,,,,"['diameter: 2.86 ', 'hoogte: 250 ', 'boomklasse: Dit is een levende boom']","['diameter: 5.5 ', 'hoogte: 250 ', 'boomklasse: Dit is een levende boom']","['diameter: 3.34 ', 'hoogte: 300 ', 'boomklasse: Dit is een levende boom']",,"['diameter: 4 ', 'hoogte: 200 ', 'boomklasse: Dit is een levende boom']",,,,,,,,,,,,,,,,,,,,,,,,,,,"['diameter: 4 ', 'hoogte: 300 ', 'boomklasse: Dit is een levende boom']","['diameter: 4.14 ', 'hoogte: 250 ', 'boomklasse: Dit is een levende boom']","['diameter: 2.86 ', 'hoogte: 250 ', 'boomklasse: Dit is een levende boom']","['diameter: 5.15 ', 'hoogte: 220 ', 'boomklasse: Dit is een levende boom']","['diameter: 2.86 ', 'hoogte: 250 ', 'boomklasse: Dit is een levende boom']","['diameter: 1.75 ', 'hoogte: 200 ', 'boomklasse: Dit is een levende boom']","['diameter: 5.5 ', 'hoogte: 220 ', 'boomklasse: Dit is een levende boom']",,"['diameter: 4.3 ', 'hoogte: 250 ', 'boomklasse: Dit is een levende boom']","['diameter: 4.3 ', 'hoogte: 250 ', 'boomklasse: Dit is een levende boom']",,"['diameter: 4.46 ', 'hoogte: 250 ', 'boomklasse: Dit is een levende boom']",,,,"['diameter: 2.39 ', 'hoogte: 300 ', 'boomklasse: Dit is een levende boom']",,,"['diameter: 2.86 ', 'hoogte: 200 ', 'boomklasse: Dit is een levende boom']",,"['diameter: 1.59 ', 'hoogte: 220 ', 'boomklasse: Dit is een levende boom']",,"['diameter: 1.59 ', 'hoogte: 220 ', 'boomklasse: Dit is een levende boom']","['diameter: 5.5 ', 'hoogte: 250 ', 'boomklasse: Dit is een levende boom']",,,2143,,,,,,,,,,,,,,,,,,,,"['diameter: 7.96 ', 'hoogte: 560 ', 'boomklasse: Dit is een levende boom']",,,,"['diameter: 3.18 ', 'hoogte: 250 ', 'boomklasse: Dit is een levende boom']","['diameter: 3.05 ', 'hoogte: 250 ', 'boomklasse: Dit is een levende boom']",,,,,,,,,,,,,,,,,,,,,,,,,,,,,,,,,,,,,,,,,,,,,,,,,,,,,,,,,,,,,,,,,,,,,,,,,,,,,,,,['Agrarisch'],"0,5 kilometer",,,[11930],Noord-Brabant,Akkerbouw
,Zandgrond,60-120 centimeter onder het maaiveld,,2017,2,6000,20210721,,,"['diameter: 2 ', 'hoogte: 200 ', 'boomklasse: Dit is een levende boom']","['diameter: 2 ', 'hoogte: 200 ', 'boomklasse: Dit is een levende boom']","['diameter: 1 ', 'hoogte: 200 ', 'boomklasse: Dit is een levende boom']","['diameter: 2 ', 'hoogte: 210 ', 'boomklasse: Dit is een levende boom']",,,,,,,,,,,,,,,"['diameter: 1 ', 'hoogte: 200 ', 'boomklasse: Dit is een levende boom']","['diameter: 1 ', 'hoogte: 160 ', 'boomklasse: Dit is een levende boom']",,,,,,,,,,,,,,,,"['diameter: 2 ', 'hoogte: 200 ', 'boomklasse: Dit is een levende boom']",,,,,,"['diameter: 2 ', 'hoogte: 250 ', 'boomklasse: Dit is een levende boom']","['diameter: 1 ', 'hoogte: 160 ', 'boomklasse: Dit is een levende boom']",,"['diameter: 4 ', 'hoogte: 300 ', 'boomklasse: Dit is een levende boom']",,,,,,,,,,,,,,,,,,,,,,,,,1576,,,,,,,,,,,,,,,,,,,,"['diameter: 1 ', 'hoogte: 130 ', 'boomklasse: Dit is een levende boom']",,"['diameter: 5 ', 'hoogte: 400 ', 'boomklasse: Dit is een levende boom']",,"['diameter: 1 ', 'hoogte: 130 ', 'boomklasse: Dit is een levende boom']","['diameter: 1 ', 'hoogte: 130 ', 'boomklasse: Dit is een levende boom']",,,,,,,,,"['diameter: 1 ', 'hoogte: 130 ', 'boomklasse: Dit is een levende boom']",,,,,,,,,,,"['diameter: 1 ', 'hoogte: 200 ', 'boomklasse: Dit is een levende boom']",,,,,"['diameter: 1 ', 'hoogte: 200 ', 'boomklasse: Dit is een levende boom']",,,,,,,,,,,,,,,,,,,,,,,,,,,"['diameter: 1 ', 'hoogte: 140 ', 'boomklasse: Dit is een levende boom']",,,,,,,,,"['diameter: 6 ', 'hoogte: 700 ', 'boomklasse: Dit is een levende boom']","['diameter: 4 ', 'hoogte: 500 ', 'boomklasse: Dit is een levende boom']","['diameter: 4 ', 'hoogte: 600 ', 'boomklasse: Dit is een levende boom']","['diameter: 2 ', 'hoogte: 200 ', 'boomklasse: Dit is een levende boom']",,"['diameter: 5 ', 'hoogte: 500 ', 'boomklasse: Dit is een levende boom']","['diameter: 5 ', 'hoogte: 700 ', 'boomklasse: Dit is een levende boom']","['diameter: 6 ', 'hoogte: 600 ', 'boomklasse: Dit is een levende boom']","['diameter: 4 ', 'hoogte: 600 ', 'boomklasse: Dit is een levende boom']",,"['diameter: 2 ', 'hoogte: 200 ', 'boomklasse: Dit is een levende boom']","['diameter: 3 ', 'hoogte: 400 ', 'boomklasse: Dit is een levende boom']",,,,,,,,"['Agrarisch', 'Wonen']","0,5 kilometer",,,[928],Noord-Brabant,Akkerbouw
,"Löss, silt of lemig zand",15 centimeter onder het maaiveld,,2016,-1,10.000,20210705,,,,,,,,,,,,,,,,,,,,,,,,,,,,,,,,,,,,,,,,,,,,,,,,,,,,,,,,,,,,,,,,,,,,,,,,,,,,,,,,,,,,,,,,,,,,,,,,,,,,,,,,,,,,,,,,,,,,,,,,,,,,,,,,,,,,,,,,,,,,,,,,,,,,,,,,,,,,,,,,,,,,,,,,,,,,,,,,,['Agrarisch'],2 kilometer,,,[12066],Noord-Brabant,loofbos en weiland
,Zandgrond,15-60 centimeter onder het maaiveld,,2019,0,10000,20210721,,,,,,,,,,,,,"['diameter: 2 ', 'hoogte: 190 ', 'boomklasse: Dit is een levende boom']",,,,,,,,,,,,,,,,,,,,,,,,,,,,,,,,,,,,,,,,,,,,,,,,,,"['diameter: 1 ', 'hoogte: 130 ', 'boomklasse: Dit is een levende boom']",,,,,,,,,22,,,,,,,,,,,,,,,,,,,,"['diameter: 1.5 ', 'hoogte: 140 ', 'boomklasse: Dit is een levende boom']",,,,,,,,,,,,,,,,,,,,,,,,,,,,,,,,,,,,,,,,,,,,,,,,,,,,,,,,,,,,,,,,,,,,,,,,,,,,,,,,,,,,,"['Agrarisch', 'Wonen']","0,5 kilometer",,,[1319],Gelderland,Weiland
,lemig zand en rulle klei ,15-60 centimeter onder het maaiveld,,2018,25,10.200,20210716,,,,,,,,,,,,,,,,,,,,,,,,,,,,,,,,,,,,,,,,,,,,,,,,,,,,,,,,,,,,,,,,"['diameter: 15 ', 'hoogte: 280 ', 'boomklasse: Dit is een levende boom']",,,,,,,,164604,,,,,,,,,,,,,,,,,,,,,,,,,,,,,,,,,,,,,,,"['diameter: 60 ', 'hoogte: 1800 ', 'boomklasse: Dit is een levende boom']",,,,,,,,,,"['diameter: 45 ', 'hoogte: 1600 ', 'boomklasse: Dit is een levende boom']",,,,,,"['diameter: 48 ', 'hoogte: 400 ', 'boomklasse: Dit is een dode boom']",,,,,,,,,,,,,,,"['diameter: 12 ', 'hoogte: 425 ', 'boomklasse: Dit is een levende boom']",,,,,"['diameter: 46 ', 'hoogte: 250 ', 'boomklasse: Dit is een dode boom']",,,,,,,,,,,,,,,,,,,,,,,,,,,,,,['Natuur'],"0,5 kilometer",,,[12011],Noord-Holland,Gemengd bos
,Kleigrond,15-60 centimeter onder het maaiveld,,2016,5,10000,20210715,,,,,,,,,,,,,,,,,,,,,,,,,,,,,,,,,,,,,,,,,,,,,,,,,,,,,,,,,,,,,,,,,,,,,,,,1691,,,,,,,,,,,,,,,,,,,,,,,,,,,,,,,,,,,,,,,"['diameter: 9 ', 'hoogte: 350 ', 'boomklasse: Dit is een levende boom']",,,,,,,,,,"['diameter: 7.64 ', 'hoogte: 500 ', 'boomklasse: Dit is een levende boom']",,,,,,"['diameter: 7 ', 'hoogte: 500 ', 'boomklasse: Dit is een levende boom']",,,,,,,,,,,,,,,,,,,,,,,,,,,,,,,,,,,,,,,,,,,,,,,,,,"['Recreatie', 'Natuur']","0,5 kilometer",,,[11989],Gelderland,Akkerbouw
,Kleigrond,60-120 centimeter onder het maaiveld,,2020,0.5,12500,20210706,,"['diameter: 2.5 ', 'hoogte: 180 ', 'boomklasse: Dit is een levende boom']",,"['diameter: 2.5 ', 'hoogte: 250 ', 'boomklasse: Dit is een levende boom']",,"['diameter: 2 ', 'hoogte: 190 ', 'boomklasse: Dit is een levende boom']","['diameter: 1.5 ', 'hoogte: 170 ', 'boomklasse: Dit is een levende boom']",,,,,,"['diameter: 2.5 ', 'hoogte: 180 ', 'boomklasse: Dit is een levende boom']",,,,,,,,,,,"['diameter: 2.5 ', 'hoogte: 150 ', 'boomklasse: Dit is een levende boom']",,,,,"['diameter: 1.5 ', 'hoogte: 150 ', 'boomklasse: Dit is een levende boom']",,,,,,,,,,,,,,,,,"['diameter: 2 ', 'hoogte: 200 ', 'boomklasse: Dit is een levende boom']","['diameter: 2.5 ', 'hoogte: 200 ', 'boomklasse: Dit is een levende boom']",,,,,,,,,,,,,,,,,,,,,,,,,52055,,,,,,,,,,,,,,,,,,,,,,,,,,,,,,,,,,,,,,,,,,,,,,,,,,,,,,,,,,,,,,,,,,,,,,,,,,,,"['diameter: 21 ', 'hoogte: 200 ', 'boomklasse: Dit is een dode boom']",,,,"['diameter: 34 ', 'hoogte: 2500 ', 'boomklasse: Dit is een levende boom']",,"['diameter: 20 ', 'hoogte: 2200 ', 'boomklasse: Dit is een levende boom']",,,,,,,,,,,,,,,,,,"['diameter: 26 ', 'hoogte: 2100 ', 'boomklasse: Dit is een levende boom']","['diameter: 26 ', 'hoogte: 2100 ', 'boomklasse: Dit is een levende boom']",,,,['Bos'],2 kilometer,,,[11982],Friesland,Gemengd bos
,Zandgrond,60-120 centimeter onder het maaiveld,,2014,6,3500,20210714,,"['diameter: 9.87 ', 'hoogte: 510 ', 'boomklasse: Dit is een levende boom']",,,,,,,,,,,"['diameter: 12.38 ', 'hoogte: 510 ', 'boomklasse: Dit is een levende boom']",,,,,,,,,,,"['diameter: 7.32 ', 'hoogte: 430 ', 'boomklasse: Dit is een levende boom']",,,,,,,,,,,,,,,,,,,,,,,,,,,,,,,,,,,,,,,,,,,,,,,,3724,,,,,,,,,,,,,,,,,,,,,,,,,,,,,,,,,,"['diameter: 7.17 ', 'hoogte: 650 ', 'boomklasse: Dit is een levende boom']",,,,,,,,,,,,,,,,,,,,,,,,,,,,,,,,,,,,,,,,,,,,,,,,,,,,,,,,,,,,,,,,,,,,,,,['Wonen'],meer dan 2 kilometer,,,[11978],Noord-Brabant,Weiland
,Zandgrond,15 centimeter onder het maaiveld,,2011,8,13500,20210702,,"['diameter: 9 ', 'hoogte: 250 ', 'boomklasse: Dit is een levende boom']",,,,,,,,,,,,,,,,,,,,,,,,,,,,,,,,,,,,,,,,,,,,,,,,,,,,,,,,,,,,,,,,,,,,,,3910,,,,,,,,,,,,,,,,,,,,,,,,"['diameter: 12 ', 'hoogte: 280 ', 'boomklasse: Dit is een levende boom']",,,,,,,,,,,,,,,,,,,,,,,,,,,,,,,,,,,,,,,,,,,,,,,,,,,,,,,,,,,,,,,,,,,,,,,,,,"['diameter: 15 ', 'hoogte: 410 ', 'boomklasse: Dit is een levende boom']","['diameter: 12 ', 'hoogte: 380 ', 'boomklasse: Dit is een levende boom']",,,,,,['Bos'],"0,5 kilometer",,,[11891],Overijssel,Naaldbos
,Zandgrond,15 centimeter onder het maaiveld,,2011,8,13500,20210702,,"['diameter: 9 ', 'hoogte: 250 ', 'boomklasse: Dit is een levende boom']",,,,,,,,,,,,,,,,,,,,,,,,,,,,,,,,,,,,,,,,,,,,,,,,,,,,,,,,,,,,,,,,,,,,,,3910,,,,,,,,,,,,,,,,,,,,,,,,"['diameter: 12 ', 'hoogte: 280 ', 'boomklasse: Dit is een levende boom']",,,,,,,,,,,,,,,,,,,,,,,,,,,,,,,,,,,,,,,,,,,,,,,,,,,,,,,,,,,,,,,,,,,,,,,,,,"['diameter: 15 ', 'hoogte: 410 ', 'boomklasse: Dit is een levende boom']","['diameter: 12 ', 'hoogte: 380 ', 'boomklasse: Dit is een levende boom']",,,,,,['Bos'],"0,5 kilometer",,,[11891],Overijssel,Naaldbos
,Kleigrond,15-60 centimeter onder het maaiveld,,2021,0.5,5000,20210705,,"['diameter: 3.5 ', 'hoogte: 420 ', 'boomklasse: Dit is een levende boom']",,,,,,,,,,,,,,,,,,,,,,,,,,,,,,,,,,,,,,,,,,,,,,,,,,,,,,,,,,,,,,,,,,,,,,103,,,,,,,,,,,,,,,,,,,,,,,,,,,,,,,,,,,,,,,,,,,,,,,,,,,,,,,,,,,,,,,,,,,,,,,,,,,,,,,,,,,,,,,,,,,,,,,,,,,,,,,,,"['Agrarisch', 'Wonen']",Het voedselbos grenst aan natuur,,,[11749],Utrecht,Weiland
,"Löss, silt of lemig zand",15-60 centimeter onder het maaiveld,,2021,2,75000,20210630,,,,,,,,,,,,,,,,,,,,,,,,,,,,,,,,,,,,,,,,,,,,,,,,,,,,,,,,,,,,,,,,,,,,,,,,171,,,,,,,,,,,,,,,,,,,,,,,,"['diameter: 2 ', 'hoogte: 150 ', 'boomklasse: Dit is een levende boom']",,,,,,,,,,,,,,,"['diameter: 5.5 ', 'hoogte: 350 ', 'boomklasse: Dit is een levende boom']",,,,,,,,,,,,,,,,,,,,,,,,,,,,,,,,,,,,,,,,,,,,,,,,,,,,,,,,,,,,,,,,,,"['Groen', 'Natuur']",2 kilometer,,,[11565],Limburg,Bouw/kale grond
,Zandgrond,dieper,,2012,12,1000,20210629,,,,,,,,,,,,,,,,,,,,,,,,,,,,,,,,,,,,,,,,,,,,,,,,,"['diameter: 400 ', 'hoogte: 400 ', 'boomklasse: Dit is een levende boom']","['diameter: 145 ', 'hoogte: 600 ', 'boomklasse: Dit is een levende boom']",,,,,,,,,,,,,,,,,,,,,,4716568,"['diameter: 240 ', 'hoogte: 2000 ', 'boomklasse: Dit is een levende boom']",,,,,,,,,,,,,"['diameter: 23 ', 'hoogte: 300 ', 'boomklasse: Dit is een dode boom']","['diameter: 11 ', 'hoogte: 600 ', 'boomklasse: Dit is een levende boom']",,,,,,,,,,,,,,,,,,,,,,,,,"['diameter: 43 ', 'hoogte: 1200 ', 'boomklasse: Dit is een levende boom']","['diameter: 11 ', 'hoogte: 600 ', 'boomklasse: Dit is een levende boom']",,,,,,,,"['diameter: 90 ', 'hoogte: 1400 ', 'boomklasse: Dit is een levende boom']",,,,,,"['diameter: 41 ', 'hoogte: 800 ', 'boomklasse: Dit is een levende boom']",,,,,,,,,,,,,,,,,,,,"['diameter: 65 ', 'hoogte: 1000 ', 'boomklasse: Dit is een levende boom']","['diameter: 45 ', 'hoogte: 1000 ', 'boomklasse: Dit is een levende boom']","['diameter: 13 ', 'hoogte: 1000 ', 'boomklasse: Dit is een levende boom']","['diameter: 30 ', 'hoogte: 1000 ', 'boomklasse: Dit is een levende boom']",,,,,,,,,,,,,,,,,,,,,,,,,,,['Wonen'],"0,5 kilometer",,,[11532],Gelderland,Tuin
,Kleigrond,60-120 centimeter onder het maaiveld,,2016,4,15.000,20210621,,"['diameter: 5.5 ', 'hoogte: 350 ', 'boomklasse: Dit is een levende boom']",,,,,,,,,,,"['diameter: 4.8 ', 'hoogte: 350 ', 'boomklasse: Dit is een levende boom']",,,,,,,,,,,"['diameter: 2.7 ', 'hoogte: 430 ', 'boomklasse: Dit is een levende boom']",,,,,"['diameter: 2.8 ', 'hoogte: 250 ', 'boomklasse: Dit is een levende boom']",,,,,,,,,"['diameter: 3.2 ', 'hoogte: 300 ', 'boomklasse: Dit is een levende boom']",,,,,,,,,,,,,,,,,,,,,,,,,,,,,,,,,,527,,,,,,,,,,,,,,,,,,,,,,,,,,,,,,,,,,,,,,,,,,,,,,,,,,,,,,,,,,,,,,,,,,,,,,,,,,,,,,,,,,,,,,,,,,,,,,,,,,,,,,,,,['Natuur'],"0,5 kilometer",,,[1085],Gelderland,Weiland
,Kleigrond,60-120 centimeter onder het maaiveld,,2016,4,15.000,20210621,,,,,,,,,,,,,,,,,,,,,,,,"['diameter: 2.3 ', 'hoogte: 250 ', 'boomklasse: Dit is een levende boom']",,,,,,,,,,,,,,,,,,,,,,,,,,,,,,,,,,,,,,,,,,,,,,,,243,,,,,,,,,,,,,,,,,,,,"['diameter: 2.8 ', 'hoogte: 320 ', 'boomklasse: Dit is een levende boom']",,,,"['diameter: 4.3 ', 'hoogte: 400 ', 'boomklasse: Dit is een levende boom']",,,,,,,,,,"['diameter: 2.6 ', 'hoogte: 300 ', 'boomklasse: Dit is een levende boom']",,,,,,,,,,,,,,,,,,,,,,,,,,,,,,,,,,,,,,,,,,,,,,,,,,,,,,,,,,,,,,,,,,,,,,,['Natuur'],"0,5 kilometer",,,[1054],Gelderland,Weiland
,Zandgrond,15-60 centimeter onder het maaiveld,,2020,1,8000,20210621,,"['diameter: 3 ', 'hoogte: 300 ', 'boomklasse: Dit is een levende boom']",,,,,,,,,,,,,,,,,,,,,,,,,,,,,,,,,,,,,,,,,,,,,,,,,,,,,,"['diameter: 1 ', 'hoogte: 150 ', 'boomklasse: Dit is een levende boom']",,,,,,,,,,,,,,,,45,,,,,,,,,,,,,,,,,,,,,,,,,,,,,,,,,,,,,,,,,,,,,,,,,,,,,,,,,,,,,,,,,,,,,,,,,,,,,,,,,,,,,,,,,,,,,,,,,,,,,,,,,"['Agrarisch', '(Archeologische of landschappelijke) waarde']","0,5 kilometer",,,[11308],Gelderland,Weiland
,Zandgrond,dieper,,2021,0,6000,20210620,,,,,,,,,,,,,,,,,,,,,,,,,,,,,,,,,,,,,,,,,,,,,,,,,,,,,,,,,,,,,,,,,,,,,,,,119729,,,,,,,,,,,,,,,,,,,,,,,,,,,,,,,,,,,,,,,"['diameter: 34.4 ', 'hoogte: 1490 ', 'boomklasse: Dit is een levende boom']",,,,,,,,,,"['diameter: 39.8 ', 'hoogte: 1580 ', 'boomklasse: Dit is een levende boom']",,,,,,"['diameter: 32.5 ', 'hoogte: 1640 ', 'boomklasse: Dit is een levende boom']",,,,,,,,,,,,,,,,,,,,,,,,,,,,,,,,,,,,,,,,,,,,,,,,,,"['Agrarisch', 'Natuur', '(Archeologische of landschappelijke) waarde']",Het voedselbos grenst aan natuur,,,[11298],Gelderland,Weiland
,Kleigrond,dieper,,2021,1,25000,20210612,,,,,,,,,,,,,"['diameter: 1 ', 'hoogte: 220 ', 'boomklasse: Dit is een levende boom']",,,,,,,,,,,"['diameter: 1 ', 'hoogte: 190 ', 'boomklasse: Dit is een levende boom']",,,,,"['diameter: 0.7 ', 'hoogte: 190 ', 'boomklasse: Dit is een levende boom']",,,,,,,,,,,,,,,,,,,,,,,,,,,,,,,,,,,,,,,,,,,238,,,,,,,,,,,,,,,,,,,,,,,,,,,,,,,,,,,,,,,,,,,,,,,,,,,,,,,,,,,,,,,,,,,,,,,,,,,,,,,"['diameter: 6.4 ', 'hoogte: 500 ', 'boomklasse: Dit is een levende boom']",,,,,,,,,,,,,,,,,,,,,,,,,,"['Natuur', '(Archeologische of landschappelijke) waarde']",Het voedselbos grenst aan natuur,,,[10900],Zuid-Holland,Bouw/kale grond
,Kleigrond,dieper,,2021,1,25000,20210612,,"['diameter: 0.9 ', 'hoogte: 140 ', 'boomklasse: Dit is een levende boom']",,,,,,,,,,,"['diameter: 0.9 ', 'hoogte: 150 ', 'boomklasse: Dit is een levende boom']",,,,,,,,,,,"['diameter: 3.5 ', 'hoogte: 500 ', 'boomklasse: Dit is een levende boom']",,,,,,,,,,,,,,,,,,,,,,,,,,,,,,,,,,,,,,,,,,,,,,,,73,,,,,,,,,,,,,,,,,,,,,,,,,,,,,,,,,,,,,,,,,,,,,,,,,,,,,,,,,,,,,,,,,,,,,,,,,,,,,,,,,,,,,,,,,,,,,,,,,,,,,,,,,"['Natuur', '(Archeologische of landschappelijke) waarde']",Het voedselbos grenst aan natuur,,,[10901],Zuid-Holland,Bouw/kale grond
,Kleigrond,dieper,,2021,3,25000,20210612,,"['diameter: 6.4 ', 'hoogte: 500 ', 'boomklasse: Dit is een levende boom']",,,,,,,,,,,,,,,,,,,,,,,,,,,,,,,,,,,,,,,,,,,,,,,,,,,,,,,,,,,,,,,,,,,,,,408,,,,,,,,,,,,,,,,,,,,,,,,,,,,,,,,,,,,,,,,,,,,,,,,,,,,,,,,,,,,,,,,,,,,,,,,,,,,,,,,,,,,,,,,,,,,,,,,,,,,,,,,,"['Natuur', '(Archeologische of landschappelijke) waarde']",Het voedselbos grenst aan natuur,,,[10902],Zuid-Holland,Bouw/kale grond
,Kleigrond,dieper,,2021,3,25000,20210612,,"['diameter: 6.4 ', 'hoogte: 500 ', 'boomklasse: Dit is een levende boom']",,,,,,,,,,,,,,,,,,,,,,,,,,,,,,,,,,,,,,,,,,,,,,,,,,,,,,,,,,,,,,,,,,,,,,408,,,,,,,,,,,,,,,,,,,,,,,,,,,,,,,,,,,,,,,,,,,,,,,,,,,,,,,,,,,,,,,,,,,,,,,,,,,,,,,,,,,,,,,,,,,,,,,,,,,,,,,,,"['Natuur', '(Archeologische of landschappelijke) waarde']",Het voedselbos grenst aan natuur,,,[10902],Zuid-Holland,Bouw/kale grond
,Kleigrond,dieper,,2021,1,25000,20210612,,"['diameter: 2.5 ', 'hoogte: 360 ', 'boomklasse: Dit is een levende boom']",,,,,,,,,,,,,,,,,,,,,,,,,,,,,,,,,,,,,,,,,,,,,,,,,,,,,,,,,,,,,,,,,,,,,,45,,,,,,,,,,,,,,,,,,,,,,,,,,,,,,,,,,,,,,,,,,,,,,,,,,,,,,,,,,,,,,,,,,,,,,,,,,,,,,,,,,,,,,,,,,,,,,,,,,,,,,,,,"['Natuur', '(Archeologische of landschappelijke) waarde']",Het voedselbos grenst aan natuur,,,[10904],Zuid-Holland,Bouw/kale grond
,Kleigrond,dieper,,2021,1,25000,20210612,,"['diameter: 0.7 ', 'hoogte: 140 ', 'boomklasse: Dit is een levende boom']",,,,,,,,,,,,,,,,,,,,,,,,,,,,,,,,,,,,,,,,,,,,,,,,,,,,,,,,,,,,,,,,,,,,,,1,,,,,,,,,,,,,,,,,,,,,,,,,,,,,,,,,,,,,,,,,,,,,,,,,,,,,,,,,,,,,,,,,,,,,,,,,,,,,,,,,,,,,,,,,,,,,,,,,,,,,,,,,"['Natuur', '(Archeologische of landschappelijke) waarde']",Het voedselbos grenst aan natuur,,,[10903],Zuid-Holland,Bouw/kale grond
,,,,,2,,20210524,,,,,,,,,,,,,,,,,,,,,,,,,,,,,,,,,,,,,,,,,,,,,,,,,,,,,,,,,,,,,,,,,,,,,,,,93,,,,,,,,,,,,,,,,,,,,,,,,,,,,,,,,,,,,,,,,,,,,,,,,,,,,,,,,,,,,,,,,,,,,,,,,,,,,,,,,,,,,,,,,,,,,,,,,,,,,,,,,,,,,,[10183],,
,Kleigrond,15-60 centimeter onder het maaiveld,,2019,1,60000,20210504,,,,,,,,,,,,,,,,,,,,,,,,,,,,,,,,,,,,,,,,,,,,,,,,,,,,,,,,,,,,,,,,,,,,,,,,51307,,,,,,,,,,,,,,,,,,,,"['diameter: 35 ', 'hoogte: 2100 ', 'boomklasse: Dit is een levende boom']",,,,,,,,,,,,,,,,,,,,,,,,,,,,,,,,,,,,,,,,,,,,,,,,,,,,,,,,,,,,,,,,,,,,,,,,,,,,,,,,,,,,,['Bos'],meer dan 2 kilometer,,,[8964],Flevoland,Gemengd bos
,zand en veen,60-120 centimeter onder het maaiveld,,2019,60,4000,20210124,,,,,,,,,,,,,,,,,,,,,,,,,,,,,,,,,,,,,,,,,,,,,,,,,,,,,,,,,,,,,,,,,,,,,,,,548377,,,,,,,,,,,,,,,,,,,,,,,,,,,,,,,,,,,,,,,,,,,,,,,,,,,,,,,,,,,,,,,,,,,,,,,,,,,,,,,,,,,,,,,,,,,,,,,,,,,,,,,,,"['Bos', 'Groen', 'Natuur']",Het voedselbos grenst aan natuur,,,[4876],Utrecht,Gemengd bos
,zand en veen,60-120 centimeter onder het maaiveld,,2019,60,3500,20210124,,,,,,,,,,,,,,,,,,,,,,,,,,,,,,,,,,,,,,,,,,,,,,,,,,,,,,,,,,,,,,,,,,,,,,,,484601,,,,,,,,,,,,,,,,,,,,,,,,,,,,,,,,,,,,,,,,,,,,,,,,,,,,,,,,,,,,,,,,,,,,,,,,,,,,,,,,,,,,,,,,,,,,,,,,,,,,,,,,,"['Bos', 'Wonen', 'Natuur']",Het voedselbos grenst aan natuur,,,[4875],Utrecht,"tuin met gras, borders en bomen"
,Zandgrond,60-120 centimeter onder het maaiveld,,2020,0,18000,20221006,,,,,,,,,,,,,,,,,,,,,,,,,,,,,,,,,,,,,,,,,,,,,,,,,,,,,,,,,,,,,,,,,,,,,,,,388,,,,,,,,,,,,,,,,,,,,"['diameter: 9 ', 'hoogte: 240 ', 'boomklasse: Dit is een dode boom']",,,,,,,,,,,,,,,,,,,,,,,,,,,,,,,,,,,,,,,,,,,,,,,,,,,,,,,,,,,,,,,,,,,,,,,,,,,,,,,,,,,,,['Agrarisch'],2 kilometer,,,[933],Noord-Brabant,Weiland
,Zandgrond,60-120 centimeter onder het maaiveld,,2020,0,18000,20220830,,,,,,,,,,,,,,,,,,,,,,,,,,,,,,,,,,,,,,,,,,,,,,,,,,,,,,,,,,,,,,,,,,,,,,,,110,,,,,,,,,,,,,,,,,,,,,,,,,,,,,,,,,,,,,,,,,,,,,,,,,,,,,,,,,,,,,,,,,,,,,,,,,,,,,,,"['diameter: 5 ', 'hoogte: 220 ', 'boomklasse: Dit is een levende boom']",,,,,,,,,,,,,,,,,,,,,,,,,,['Agrarisch'],2 kilometer,,,[910],Noord-Brabant,Weiland
,"Löss, silt of lemig zand",dieper,,2016,6,800,20220729,,"['diameter: 1.9 ', 'hoogte: 290 ', 'boomklasse: Dit is een levende boom']",,,,,,,,,,,,,,,,,,,,,,"['diameter: 7.2 ', 'hoogte: 517 ', 'boomklasse: Dit is een levende boom']",,,,,,,,,,,,,,"['diameter: 4.5 ', 'hoogte: 224 ', 'boomklasse: Dit is een levende boom']",,,,,,"['diameter: 1 ', 'hoogte: 174 ', 'boomklasse: Dit is een levende boom']","['diameter: 5.1 ', 'hoogte: 319 ', 'boomklasse: Dit is een levende boom']","['diameter: 2.7 ', 'hoogte: 204 ', 'boomklasse: Dit is een levende boom']",,,,,,,,,,,,,,,,,,,,,,,,,,719,,,,,,,,,,,"['diameter: 2.7 ', 'hoogte: 180 ', 'boomklasse: Dit is een levende boom']",,,,,,,,,,,,,,,,,,,,,,,"['diameter: 3.5 ', 'hoogte: 318 ', 'boomklasse: Dit is een levende boom']",,,,,,,,,,,,,,,,,,,,,,,,,,,,,,,,,,,,,,,,,,,,,,,,,,,,,,,,,,,,,,,,,,,,,,,['Agrarisch'],"0,5 kilometer",,,[23309],Overijssel,Akkerbouw
,Zandgrond,dieper,,2019,8,28000,20220628,,"['diameter: 2.55 ', 'hoogte: 350 ', 'boomklasse: Dit is een levende boom']",,,,,,,,,,,"['diameter: 1.27 ', 'hoogte: 180 ', 'boomklasse: Dit is een levende boom']",,,,,,,,,,,"['diameter: 1.75 ', 'hoogte: 190 ', 'boomklasse: Dit is een levende boom']",,,,,"['diameter: 2.07 ', 'hoogte: 250 ', 'boomklasse: Dit is een levende boom']",,,,,,,,,"['diameter: 1.91 ', 'hoogte: 155 ', 'boomklasse: Dit is een levende boom']",,,,,,"['diameter: 2.71 ', 'hoogte: 350 ', 'boomklasse: Dit is een levende boom']",,,,,,,,,,,,,,,,,,,,,,,,,,,,130,,,,,,,,,,,,,,,,,,,,,,,,,,,,,,,,,,,,,,,,,,,,,,,,,,,,,,,,,,,,,,,,,,,,,,,,,,,,,,,,,,,,,,,,,,,,,,,,,,,,,,,,,"['Agrarisch', 'Wonen', 'Natuur', '(Archeologische of landschappelijke) waarde']",Het voedselbos grenst aan natuur,,,[22898],Noord-Brabant,"Zowel naaldbos, akkerbouw, als weiland."
,Zandgrond,dieper,,2019,8,28000,20220526,,,,,,,,,,,,,,,,,,,,,,,,,,,,,,,,,,,,,,,,,,,,,,,,,,,,,,,,,,,,,,,,,,,,,,,,227,,,,,,,,,,,,,,,,,,,,,,,,,,,,,,,,,,,,,,,,,,,,,,,,,,,,,,,,,,,,,,,,,,,,,,,,,,,,,,,"['diameter: 1.8 ', 'hoogte: 156 ', 'boomklasse: Dit is een levende boom']","['diameter: 1.43 ', 'hoogte: 230 ', 'boomklasse: Dit is een levende boom']","['diameter: 1.27 ', 'hoogte: 146 ', 'boomklasse: Dit is een levende boom']","['diameter: 1.11 ', 'hoogte: 185 ', 'boomklasse: Dit is een levende boom']",,,,,,,,"['diameter: 3.98 ', 'hoogte: 350 ', 'boomklasse: Dit is een levende boom']",,,,,,,,"['diameter: 1.75 ', 'hoogte: 220 ', 'boomklasse: Dit is een levende boom']","['diameter: 1.43 ', 'hoogte: 180 ', 'boomklasse: Dit is een levende boom']","['diameter: 3.82 ', 'hoogte: 550 ', 'boomklasse: Dit is een levende boom']","['diameter: 1.59 ', 'hoogte: 190 ', 'boomklasse: Dit is een levende boom']","['diameter: 1.11 ', 'hoogte: 175 ', 'boomklasse: Dit is een levende boom']","['diameter: 1.43 ', 'hoogte: 177 ', 'boomklasse: Dit is een levende boom']","['diameter: 0.95 ', 'hoogte: 155 ', 'boomklasse: Dit is een levende boom']","['Agrarisch', 'Wonen', 'Natuur', '(Archeologische of landschappelijke) waarde']",Het voedselbos grenst aan natuur,,,[22904],Noord-Brabant,"Zowel naaldbos, akkerbouw, als weiland."
,Zandgrond,dieper,,2019,8,28000,20220628,,,"['diameter: 1.43 ', 'hoogte: 160 ', 'boomklasse: Dit is een levende boom']",,,,,,,"['diameter: 1.43 ', 'hoogte: 160 ', 'boomklasse: Dit is een levende boom']",,,,,,,,,,,,,,,,,,,,,,,,,,,,,,,,,,"['diameter: 6.05 ', 'hoogte: 250 ', 'boomklasse: Dit is een levende boom']",,,,"['diameter: 3.02 ', 'hoogte: 130 ', 'boomklasse: Dit is een levende boom']",,"['diameter: 1.43 ', 'hoogte: 200 ', 'boomklasse: Dit is een levende boom']",,"['diameter: 4.62 ', 'hoogte: 170 ', 'boomklasse: Dit is een levende boom']","['diameter: 3.02 ', 'hoogte: 180 ', 'boomklasse: Dit is een levende boom']",,,,,,,,,,,,,,,,"['diameter: 4.14 ', 'hoogte: 250 ', 'boomklasse: Dit is een levende boom']","['diameter: 2.23 ', 'hoogte: 150 ', 'boomklasse: Dit is een levende boom']","['diameter: 3.02 ', 'hoogte: 180 ', 'boomklasse: Dit is een levende boom']",789,,,,,,,,,,,,,,,,,,,,,"['diameter: 2.86 ', 'hoogte: 300 ', 'boomklasse: Dit is een levende boom']",,,,,,,,,,,,,,,,,,,,,,,,,,,,,,,,,,,,,,,,,,,,,,,,,,,,,,,,,,"['diameter: 3.5 ', 'hoogte: 400 ', 'boomklasse: Dit is een levende boom']",,,,,"['diameter: 3.34 ', 'hoogte: 340 ', 'boomklasse: Dit is een levende boom']",,,,,,"['diameter: 3.02 ', 'hoogte: 350 ', 'boomklasse: Dit is een levende boom']",,,,,,,,"['diameter: 2.39 ', 'hoogte: 170 ', 'boomklasse: Dit is een levende boom']","['diameter: 3 ', 'hoogte: 350 ', 'boomklasse: Dit is een levende boom']","['diameter: 1.43 ', 'hoogte: 190 ', 'boomklasse: Dit is een levende boom']",,,,,"['Agrarisch', 'Wonen', 'Natuur', '(Archeologische of landschappelijke) waarde']",Het voedselbos grenst aan natuur,,,[22896],Noord-Brabant,"Zowel naaldbos, akkerbouw, als weiland."
,Zandgrond,dieper,,2019,8,28000,20220711,,,,,,,,,,,,,"['diameter: 1.91 ', 'hoogte: 155 ', 'boomklasse: Dit is een levende boom']",,,,,,,,,,,,,,,,,,,,,,,,,,,,,,,,,,,,,,,,,,,,,,,,,,,,,,,,,,,2384,,,,,,,,,,,,,,,,,,,,,,,,,,,,,,,,,,,,,,,,,,,,,,,,,,,,,,,,,,,,,,,,,,,,,,,,,,,,,,,"['diameter: 2.1 ', 'hoogte: 165 ', 'boomklasse: Dit is een levende boom']","['diameter: 3.82 ', 'hoogte: 370 ', 'boomklasse: Dit is een levende boom']","['diameter: 3.66 ', 'hoogte: 370 ', 'boomklasse: Dit is een levende boom']","['diameter: 3.98 ', 'hoogte: 360 ', 'boomklasse: Dit is een levende boom']","['diameter: 3.18 ', 'hoogte: 250 ', 'boomklasse: Dit is een levende boom']","['diameter: 6.21 ', 'hoogte: 740 ', 'boomklasse: Dit is een levende boom']","['diameter: 3.66 ', 'hoogte: 250 ', 'boomklasse: Dit is een levende boom']","['diameter: 2.55 ', 'hoogte: 141 ', 'boomklasse: Dit is een levende boom']","['diameter: 4.93 ', 'hoogte: 300 ', 'boomklasse: Dit is een levende boom']","['diameter: 2.55 ', 'hoogte: 160 ', 'boomklasse: Dit is een levende boom']","['diameter: 5.73 ', 'hoogte: 280 ', 'boomklasse: Dit is een levende boom']",,"['diameter: 9.55 ', 'hoogte: 300 ', 'boomklasse: Dit is een levende boom']","['diameter: 1.43 ', 'hoogte: 135 ', 'boomklasse: Dit is een levende boom']","['diameter: 3.98 ', 'hoogte: 200 ', 'boomklasse: Dit is een levende boom']","['diameter: 1.75 ', 'hoogte: 167 ', 'boomklasse: Dit is een levende boom']","['diameter: 2.55 ', 'hoogte: 190 ', 'boomklasse: Dit is een levende boom']","['diameter: 3.5 ', 'hoogte: 158 ', 'boomklasse: Dit is een levende boom']","['diameter: 2.55 ', 'hoogte: 190 ', 'boomklasse: Dit is een levende boom']","['diameter: 5.41 ', 'hoogte: 600 ', 'boomklasse: Dit is een levende boom']","['diameter: 2.55 ', 'hoogte: 140 ', 'boomklasse: Dit is een levende boom']","['diameter: 3.18 ', 'hoogte: 170 ', 'boomklasse: Dit is een levende boom']","['diameter: 1.27 ', 'hoogte: 165 ', 'boomklasse: Dit is een dode boom']","['diameter: 1.59 ', 'hoogte: 170 ', 'boomklasse: Dit is een levende boom']","['diameter: 6.68 ', 'hoogte: 856 ', 'boomklasse: Dit is een levende boom']","['diameter: 2.71 ', 'hoogte: 356 ', 'boomklasse: Dit is een levende boom']","['Agrarisch', 'Wonen', 'Natuur', '(Archeologische of landschappelijke) waarde']",Het voedselbos grenst aan natuur,,,[22900],Noord-Brabant,"Zowel naaldbos, akkerbouw, als weiland."
,zand gemengd met keileemlagen,15-60 centimeter onder het maaiveld,,2015,5,1000,20220626,,"['diameter: 4.5 ', 'hoogte: 400 ', 'boomklasse: Dit is een levende boom']","['diameter: 12.1 ', 'hoogte: 1500 ', 'boomklasse: Dit is een levende boom']","['diameter: 2 ', 'hoogte: 300 ', 'boomklasse: Dit is een levende boom']",,,,,"['diameter: 4.2 ', 'hoogte: 250 ', 'boomklasse: Dit is een levende boom']","['diameter: 10.4 ', 'hoogte: 1000 ', 'boomklasse: Dit is een levende boom']","['diameter: 3.1 ', 'hoogte: 250 ', 'boomklasse: Dit is een levende boom']","['diameter: 5 ', 'hoogte: 200 ', 'boomklasse: Dit is een dode boom']",,,"['diameter: 2.8 ', 'hoogte: 250 ', 'boomklasse: Dit is een levende boom']","['diameter: 15 ', 'hoogte: 250 ', 'boomklasse: Dit is een levende boom']",,,,,,,,"['diameter: 4.3 ', 'hoogte: 400 ', 'boomklasse: Dit is een levende boom']",,,,,,,,,,,,,,,,,,,,,,,,,"['diameter: 1.1 ', 'hoogte: 130 ', 'boomklasse: Dit is een levende boom']","['diameter: 1.4 ', 'hoogte: 150 ', 'boomklasse: Dit is een levende boom']","['diameter: 4.5 ', 'hoogte: 200 ', 'boomklasse: Dit is een levende boom']",,,,,,"['diameter: 9 ', 'hoogte: 200 ', 'boomklasse: Dit is een levende boom']",,,,,,,"['diameter: 3.5 ', 'hoogte: 500 ', 'boomklasse: Dit is een levende boom']",,"['diameter: 3.4 ', 'hoogte: 300 ', 'boomklasse: Dit is een levende boom']",,,,"['diameter: 4.2 ', 'hoogte: 250 ', 'boomklasse: Dit is een levende boom']",,257345,,,,,,,,,,,,,,,,"['diameter: 150 ', 'hoogte: 2000 ', 'boomklasse: Dit is een levende boom']",,,,,,,,,,,,,,,,,,,,,,,,,,,,,"['diameter: 4 ', 'hoogte: 300 ', 'boomklasse: Dit is een levende boom']",,,,,,,,,,,,,,,,,,,,,,,,,,,,,,,"['diameter: 21.3 ', 'hoogte: 1800 ', 'boomklasse: Dit is een levende boom']",,"['diameter: 8 ', 'hoogte: 800 ', 'boomklasse: Dit is een levende boom']",,,,,,,,,,,,"['diameter: 5.7 ', 'hoogte: 500 ', 'boomklasse: Dit is een levende boom']",,,,,,,,,,,,,,,['Beheersverordening Haren - Noord'],Het voedselbos grenst aan natuur,,,[888],Groningen,bramenveld omringd door bomen
,Zandgrond,15 centimeter onder het maaiveld,,2022,1,27000,20220529,,"['diameter: 2 ', 'hoogte: 170 ', 'boomklasse: Dit is een levende boom']",,,,,,,,,,,"['diameter: 2 ', 'hoogte: 170 ', 'boomklasse: Dit is een levende boom']",,,,,,,,,,,"['diameter: 2 ', 'hoogte: 170 ', 'boomklasse: Dit is een levende boom']",,,,,"['diameter: 2 ', 'hoogte: 140 ', 'boomklasse: Dit is een levende boom']",,,,,,,,,"['diameter: 2 ', 'hoogte: 170 ', 'boomklasse: Dit is een levende boom']",,,,,,,,,,,,,,,,,,,,,,,,,,,,,,,,,,66,,,,,,,,,,,,,,,,,,,,,,,,,,,,,,,,,,,,,,,,,,,,,,,,,,,,,,,,,,,,,,,,,,,,,,,,,,,"['diameter: 1 ', 'hoogte: 130 ', 'boomklasse: Dit is een levende boom']",,,,,,,,,,,,,,,,,,,,,,,,,,,,,,"['Agrarisch', 'Bos']","0,5 kilometer",,,[20371],Gelderland,weiland omringd door bos 
,leem,15 centimeter onder het maaiveld,,2016,6,2500,20220519,,,,,,,,,,,,,"['diameter: 4 ', 'hoogte: 400 ', 'boomklasse: Dit is een levende boom']",,,,,,,,,,,"['diameter: 4.5 ', 'hoogte: 500 ', 'boomklasse: Dit is een levende boom']",,,,,"['diameter: 3.5 ', 'hoogte: 200 ', 'boomklasse: Dit is een levende boom']",,,,,,,,,"['diameter: 3.5 ', 'hoogte: 350 ', 'boomklasse: Dit is een levende boom']",,,,,,"['diameter: 4 ', 'hoogte: 250 ', 'boomklasse: Dit is een levende boom']","['diameter: 4.5 ', 'hoogte: 300 ', 'boomklasse: Dit is een levende boom']",,,,,,,,,,,,,,,,,,,,,,,,,,,1193,,,,,,,,,,,,,,,,,,,,"['diameter: 8 ', 'hoogte: 600 ', 'boomklasse: Dit is een levende boom']",,,,,,,,,,,,,,,,,,,,,,,,,,,,,,,,,,,,,,,,,,,,,,,,,,,,,,,,,,,,,,,,,,,,,,,,,,,,,,,,,,,,,['Agrarisch'],"0,5 kilometer",,,[10717],Vlaanderen,Weiland
,Sandy soil,15 centimeters below ground level,,20220126,100,20000,20220221,,,,,,,,,,,,,,,,,,,,,,,,,,,,,,,,,,,,,,,,,,,,,,,,,,,,,,,,,,,,,,,,,,,,,,,,7138764,,,,,,,,,,,,,,,,,,,,,,,,,,,,,,,,,,,,,,,,,,,,,,,,,,,,,,,,,,,,,,,,,,,,,,,,,,,,,,,,,,,,,,,,,,,,,,,,,,,,,,,,,"['Agricultural', 'Forest', 'Living', 'Recreational', 'Green', 'Nature']",2 kilometers,,,[15568],Tuscany,Grass fields
,Zandgrond,15-60 centimeter onder het maaiveld,,2019,15,5000,20220102,,"['diameter: 10.19 ', 'hoogte: 440 ', 'boomklasse: Dit is een levende boom']","['diameter: 4.14 ', 'hoogte: 230 ', 'boomklasse: Dit is een dode boom']","['diameter: 2.86 ', 'hoogte: 230 ', 'boomklasse: Dit is een dode boom']",,,,,,,,,"['diameter: 25.15 ', 'hoogte: 684 ', 'boomklasse: Dit is een levende boom']",,,,,,,,,,,"['diameter: 3.82 ', 'hoogte: 270 ', 'boomklasse: Dit is een levende boom']",,,"['diameter: 3.50 ', 'hoogte: 286 ', 'boomklasse: Dit is een levende boom']","['diameter: 4.77 ', 'hoogte: 130 ', 'boomklasse: Dit is een levende boom']","['diameter: 2.55 ', 'hoogte: 230 ', 'boomklasse: Dit is een levende boom']",,,"['diameter: 12.10 ', 'hoogte: 400 ', 'boomklasse: Dit is een levende boom']",,"['diameter: 14.64 ', 'hoogte: 385 ', 'boomklasse: Dit is een levende boom']",,,"['diameter: 8.91 ', 'hoogte: 240 ', 'boomklasse: Dit is een dode boom']","['diameter: 8.28 ', 'hoogte: 130 ', 'boomklasse: Dit is een dode boom']","['diameter: 12.73 ', 'hoogte: 240 ', 'boomklasse: Dit is een dode boom']","['diameter: 10.50 ', 'hoogte: 200 ', 'boomklasse: Dit is een dode boom']","['diameter: 2.86 ', 'hoogte: 160 ', 'boomklasse: Dit is een levende boom']","['diameter: 9.23 ', 'hoogte: 200 ', 'boomklasse: Dit is een dode boom']","['diameter: 2.23 ', 'hoogte: 215 ', 'boomklasse: Dit is een levende boom']",,,"['diameter: 11.14 ', 'hoogte: 200 ', 'boomklasse: Dit is een dode boom']","['diameter: 3.18 ', 'hoogte: 250 ', 'boomklasse: Dit is een levende boom']",,,,,,,,"['diameter: 1.43 ', 'hoogte: 185 ', 'boomklasse: Dit is een levende boom']",,"['diameter: 1.43 ', 'hoogte: 185 ', 'boomklasse: Dit is een levende boom']","['diameter: 1.43 ', 'hoogte: 185 ', 'boomklasse: Dit is een levende boom']","['diameter: 1.43 ', 'hoogte: 185 ', 'boomklasse: Dit is een levende boom']","['diameter: 1.43 ', 'hoogte: 185 ', 'boomklasse: Dit is een levende boom']","['diameter: 1.43 ', 'hoogte: 185 ', 'boomklasse: Dit is een levende boom']","['diameter: 1.43 ', 'hoogte: 185 ', 'boomklasse: Dit is een levende boom']",,,"['diameter: 4.46 ', 'hoogte: 360 ', 'boomklasse: Dit is een levende boom']",,"['diameter: 1.27 ', 'hoogte: 175 ', 'boomklasse: Dit is een levende boom']","['diameter: 2.86 ', 'hoogte: 200 ', 'boomklasse: Dit is een levende boom']",,,,47305,,,,,,,,,,,,,,,,,,,,,,,,,,,,,,,,,,,,,,,,,,"['diameter: 35.65 ', 'hoogte: 1014 ', 'boomklasse: Dit is een levende boom']","['diameter: 5.73 ', 'hoogte: 894 ', 'boomklasse: Dit is een levende boom']","['diameter: 5.73 ', 'hoogte: 894 ', 'boomklasse: Dit is een levende boom']","['diameter: 5.73 ', 'hoogte: 894 ', 'boomklasse: Dit is een levende boom']","['diameter: 5.73 ', 'hoogte: 894 ', 'boomklasse: Dit is een levende boom']","['diameter: 5.73 ', 'hoogte: 894 ', 'boomklasse: Dit is een levende boom']","['diameter: 26.10 ', 'hoogte: 1664 ', 'boomklasse: Dit is een levende boom']",,,"['diameter: 1.91 ', 'hoogte: 280 ', 'boomklasse: Dit is een levende boom']","['diameter: 2.07 ', 'hoogte: 270 ', 'boomklasse: Dit is een levende boom']","['diameter: 5.89 ', 'hoogte: 400 ', 'boomklasse: Dit is een levende boom']","['diameter: 2.07 ', 'hoogte: 230 ', 'boomklasse: Dit is een levende boom']",,"['diameter: 3.34 ', 'hoogte: 450 ', 'boomklasse: Dit is een levende boom']","['diameter: 4.14 ', 'hoogte: 480 ', 'boomklasse: Dit is een levende boom']","['diameter: 4.14 ', 'hoogte: 480 ', 'boomklasse: Dit is een levende boom']","['diameter: 7.32 ', 'hoogte: 644 ', 'boomklasse: Dit is een levende boom']","['diameter: 10.19 ', 'hoogte: 450 ', 'boomklasse: Dit is een levende boom']","['diameter: 5.73 ', 'hoogte: 450 ', 'boomklasse: Dit is een levende boom']","['diameter: 18.46 ', 'hoogte: 1289 ', 'boomklasse: Dit is een levende boom']","['diameter: 18.78 ', 'hoogte: 1289 ', 'boomklasse: Dit is een levende boom']","['diameter: 5.09 ', 'hoogte: 400 ', 'boomklasse: Dit is een levende boom']","['diameter: 5.41 ', 'hoogte: 500 ', 'boomklasse: Dit is een levende boom']","['diameter: 3.82 ', 'hoogte: 500 ', 'boomklasse: Dit is een levende boom']","['diameter: 3.50 ', 'hoogte: 500 ', 'boomklasse: Dit is een levende boom']","['diameter: 5.41 ', 'hoogte: 300 ', 'boomklasse: Dit is een levende boom']","['diameter: 3.82 ', 'hoogte: 420 ', 'boomklasse: Dit is een levende boom']",,"['diameter: 11.78 ', 'hoogte: 220 ', 'boomklasse: Dit is een levende boom']","['diameter: 9.55 ', 'hoogte: 550 ', 'boomklasse: Dit is een levende boom']","['diameter: 5.41 ', 'hoogte: 400 ', 'boomklasse: Dit is een levende boom']","['diameter: 3.18 ', 'hoogte: 275 ', 'boomklasse: Dit is een levende boom']",,"['diameter: 13.37 ', 'hoogte: 177 ', 'boomklasse: Dit is een dode boom']",,,,,,,,,,,,,,,,,,,,,,,,,,,,,"['Bos', 'Recreatie', 'Natuur']",Het voedselbos grenst aan natuur,,,[14837],Vlaams Gewest,verwilderde  boomgaard 
,Kleigrond,60-120 centimeter onder het maaiveld,,2021,2,20000,20230725,,"['diameter: 4.8 ', 'hoogte: 430 ', 'boomklasse: Dit is een levende boom']",,,,,,,,,,,,,,,,,,,,,,"['diameter: 2.8 ', 'hoogte: 300 ', 'boomklasse: Dit is een levende boom']",,,,,"['diameter: 1.9 ', 'hoogte: 170 ', 'boomklasse: Dit is een levende boom']",,,,,,,,,"['diameter: 1.4 ', 'hoogte: 160 ', 'boomklasse: Dit is een levende boom']",,,,,,,,,,,,,,,,,,,,,,,,,,,,,,,,,,237,,,,,,,,,,,,,,,,,,,,,,,,,,,,,,,,,,,,,,,,,,,,,,,,,"['diameter: 2.7 ', 'hoogte: 300 ', 'boomklasse: Dit is een dode boom']",,,,,,,,,,,,,,,,,,,,,,,,,,,,,,,,,,,,,,,,,,,,,,,,,,,,,,,,['Bos'],Het voedselbos grenst aan natuur,,,[37573],Noord-Brabant,Weiland
,Kleigrond,60-120 centimeter onder het maaiveld,,2021,1,20000,20230725,,"['diameter: 1.2 ', 'hoogte: 160 ', 'boomklasse: Dit is een levende boom']",,,,,,,,,,,,,,,,,,,,,,,,,,,,,,,,,,,,,,,,,,,,,,,,,,,,,,,,,,,,,"['diameter: 0.7 ', 'hoogte: 130 ', 'boomklasse: Dit is een levende boom']","['diameter: 1.1 ', 'hoogte: 130 ', 'boomklasse: Dit is een levende boom']",,,,,,,,12,,,,,,,,,,,,,,,,,,,,,,,,"['diameter: 1.1 ', 'hoogte: 130 ', 'boomklasse: Dit is een levende boom']",,,,,,,,,,,,,,,,,,,,,,,,,,,,,,,,,,,,,,,,,,,,,,,,,,,,,,,,,,,,,,,,,,,,,,,,,,,,,,,,,['Bos'],Het voedselbos grenst aan natuur,,,[37475],Noord-Brabant,Weiland
,Kleigrond,60-120 centimeter onder het maaiveld,,2021,2,20000,20230725,,"['diameter: 3.8 ', 'hoogte: 310 ', 'boomklasse: Dit is een levende boom']",,,,,,,,,,,"['diameter: 2 ', 'hoogte: 230 ', 'boomklasse: Dit is een levende boom']",,,,,,,,,,,"['diameter: 7 ', 'hoogte: 520 ', 'boomklasse: Dit is een levende boom']",,,,,"['diameter: 1.9 ', 'hoogte: 170 ', 'boomklasse: Dit is een levende boom']",,,,,,,,,,,,,,,,,,,,,,,,,,,,,,,,,,,,,,,,,,,436,,,,,,,,,,,,,,,,,,,,,,,,,,,,,,,,,,,,,,,,,,,,,,,,,,,,,,,,,,,,,,,,,,,,,,,,,,,,,,,,,,,,,,,,,,,,,,,,,,,,,,,,,['Bos'],Het voedselbos grenst aan natuur,,,[37474],Noord-Brabant,Weiland
,Kleigrond,15-60 centimeter onder het maaiveld,,2019,3,10000,20230724,,,,,,,,,,,,,,,,,,,,,,,,"['diameter: 8 ', 'hoogte: 300 ', 'boomklasse: Dit is een levende boom']",,,,,"['diameter: 8 ', 'hoogte: 300 ', 'boomklasse: Dit is een levende boom']",,,,,,,,,,,,,,,,,,,,,,,,,,,,,,,,,,,,,,,,,,,1032,,,,,,,,,,,,,,,,,,,,"['diameter: 6 ', 'hoogte: 350 ', 'boomklasse: Dit is een levende boom']",,,,,,,,,,,,,,,,,,,,,,,,,,,,,,,,,,,,,,,,,,,,,,,,,,,,,,,,,,,,,,,,,,,,,,"['diameter: 4 ', 'hoogte: 200 ', 'boomklasse: Dit is een levende boom']",,,,,,,,,,,,,,,['1/2 Agrarisch en 1/2 bedrijf'],2 kilometer,,,[37556],Noord-Holland,Boomsingels met weiland
,Kleigrond,15-60 centimeter onder het maaiveld,,2019,4,10000,20230724,,"['diameter: 9 ', 'hoogte: 300 ', 'boomklasse: Dit is een levende boom']",,,,,,,,,,,"['diameter: 8 ', 'hoogte: 300 ', 'boomklasse: Dit is een levende boom']",,,,,,,,,,,,,,,,,,,,,,,,,,,,,,,,,,,,,,,,,,,,,,,,,,,,,,,,,,,868,,,,,,,,,,,,,,,,,,,,,,,,,,,,,,,,,,,,,,,,,,,,,,,,,,,,,,,,,,,,,,,,,,,,,,,,,,,,,,,,,,,,,,,,,,,,,,,,,,,,,,,,,['1/2 Agrarisch en 1/2 bedrijf'],2 kilometer,,,[37555],Noord-Holland,Boomsingels met weiland
,Kleigrond,dieper,,2017,3,8000,20230721,,"['diameter: 4.14 ', 'hoogte: 300 ', 'boomklasse: Dit is een levende boom']","['diameter: 5.10 ', 'hoogte: 250 ', 'boomklasse: Dit is een levende boom']",,,"['diameter: 7.96 ', 'hoogte: 400 ', 'boomklasse: Dit is een levende boom']","['diameter: 7.48 ', 'hoogte: 400 ', 'boomklasse: Dit is een levende boom']","['diameter: 14.65 ', 'hoogte: 400 ', 'boomklasse: Dit is een levende boom']","['diameter: 12.1 ', 'hoogte: 400 ', 'boomklasse: Dit is een levende boom']","['diameter: 7.96 ', 'hoogte: 400 ', 'boomklasse: Dit is een levende boom']","['diameter: 8.6 ', 'hoogte: 400 ', 'boomklasse: Dit is een levende boom']",,"['diameter: 8.92 ', 'hoogte: 300 ', 'boomklasse: Dit is een levende boom']",,,,,,,,,,,,,,,,,,,,,,,,,,,,,,,"['diameter: 6.05 ', 'hoogte: 300 ', 'boomklasse: Dit is een levende boom']",,"['diameter: 5.41 ', 'hoogte: 250 ', 'boomklasse: Dit is een levende boom']","['diameter: 7.01 ', 'hoogte: 250 ', 'boomklasse: Dit is een levende boom']","['diameter: 55 ', 'hoogte: 250 ', 'boomklasse: Dit is een levende boom']",,,,,,,,,,,,,,,,,,,,,,,,38483,,,,,,,,,,,,,,,,,,,,,"['diameter: 38.22 ', 'hoogte: 250 ', 'boomklasse: Dit is een levende boom']",,"['diameter: 9.55 ', 'hoogte: 400 ', 'boomklasse: Dit is een levende boom']",,,,,,,,,,,,,,,,,,,,,,,,,,,,,,,,,,,,,,,,,,,,,,,"['diameter: 7.8 ', 'hoogte: 400 ', 'boomklasse: Dit is een levende boom']",,,,,,"['diameter: 3.5 ', 'hoogte: 250 ', 'boomklasse: Dit is een levende boom']",,,,,,,,,,,,,,,,,,,,,,,,,,,,,"['Agrarisch', '(Archeologische of landschappelijke) waarde']",meer dan 2 kilometer,"['diameter: 25.48 ', 'hoogte: 200 ', 'boomklasse: Dit is een levende boom']","['diameter: 4.14 ', 'hoogte: 140 ', 'boomklasse: Dit is een levende boom']",[37517],Gelderland,Weiland
,Zandgrond,15-60 centimeter onder het maaiveld,,2015,12,2700,20230720,"['diameter: 6 ', 'hoogte: 350 ', 'boomklasse: Dit is een levende boom']",,,"['diameter: 6 ', 'hoogte: 350 ', 'boomklasse: Dit is een levende boom']",,"['diameter: 10 ', 'hoogte: 500 ', 'boomklasse: Dit is een levende boom']",,,,,,,"['diameter: 9 ', 'hoogte: 350 ', 'boomklasse: Dit is een levende boom']",,,,,,,,,,,,,,,,,,,,,,,,,,,,,,,,"['diameter: 7 ', 'hoogte: 250 ', 'boomklasse: Dit is een levende boom']",,,,,,,,,,,,,,"['diameter: 9 ', 'hoogte: 600 ', 'boomklasse: Dit is een levende boom']",,,,"['diameter: 14 ', 'hoogte: 300 ', 'boomklasse: Dit is een levende boom']","['diameter: 9 ', 'hoogte: 400 ', 'boomklasse: Dit is een levende boom']",,"['diameter: 6 ', 'hoogte: 300 ', 'boomklasse: Dit is een levende boom']",,"['diameter: 6 ', 'hoogte: 400 ', 'boomklasse: Dit is een levende boom']",,,,479319,,,,,,,,,,,,,,,,,,,,,,,,,,,,,,,,,,,,,,,"['diameter: 95 ', 'hoogte: 2000 ', 'boomklasse: Dit is een levende boom']","['diameter: 48 ', 'hoogte: 1700 ', 'boomklasse: Dit is een levende boom']",,"['diameter: 84 ', 'hoogte: 130 ', 'boomklasse: Dit is een levende boom']",,,,,,,,,,,,,,,,,,,,,,,,,,,,,,,,,,,,"['diameter: 46 ', 'hoogte: 1800 ', 'boomklasse: Dit is een levende boom']",,,,,,"['diameter: 9 ', 'hoogte: 300 ', 'boomklasse: Dit is een levende boom']","['diameter: 9 ', 'hoogte: 300 ', 'boomklasse: Dit is een levende boom']","['diameter: 13 ', 'hoogte: 1800 ', 'boomklasse: Dit is een levende boom']","['diameter: 15 ', 'hoogte: 1900 ', 'boomklasse: Dit is een levende boom']","['diameter: 22 ', 'hoogte: 2000 ', 'boomklasse: Dit is een levende boom']","['diameter: 22 ', 'hoogte: 2000 ', 'boomklasse: Dit is een levende boom']",,"['diameter: 16 ', 'hoogte: 1900 ', 'boomklasse: Dit is een levende boom']","['diameter: 47 ', 'hoogte: 2000 ', 'boomklasse: Dit is een levende boom']",,"['diameter: 31 ', 'hoogte: 130 ', 'boomklasse: Dit is een dode boom']","['diameter: 28 ', 'hoogte: 140 ', 'boomklasse: Dit is een dode boom']","['diameter: 6 ', 'hoogte: 350 ', 'boomklasse: Dit is een levende boom']",,,,,,,,,['(Archeologische of landschappelijke) waarde'],Het voedselbos grenst aan natuur,,,[37485],Noord-Holland,Weiland
,Zandgrond,dieper,,2021,6,1300,20230719,,"['diameter: 1.91 ', 'hoogte: 199 ', 'boomklasse: Dit is een levende boom']","['diameter: 2.55 ', 'hoogte: 144 ', 'boomklasse: Dit is een levende boom']",,,,,,,,,,"['diameter: 19.10 ', 'hoogte: 410 ', 'boomklasse: Dit is een levende boom']",,,,,,,,,,,,,,,,"['diameter: 10.19 ', 'hoogte: 390 ', 'boomklasse: Dit is een levende boom']",,,,,,,,,"['diameter: 4.46 ', 'hoogte: 280 ', 'boomklasse: Dit is een levende boom']",,,,,,"['diameter: 1.91 ', 'hoogte: 220 ', 'boomklasse: Dit is een levende boom']","['diameter: 3.18 ', 'hoogte: 260 ', 'boomklasse: Dit is een levende boom']","['diameter: 2.23 ', 'hoogte: 134 ', 'boomklasse: Dit is een levende boom']","['diameter: 2.23 ', 'hoogte: 146 ', 'boomklasse: Dit is een levende boom']",,,,,,,,,,,,,,,,,,,,,,,,,2427,,,,,,,,,,,,,,,,,,,,,,,,,"['diameter: 1.91 ', 'hoogte: 130 ', 'boomklasse: Dit is een levende boom']",,,,,,,,,,,,,,,,,,,,,,,,,,,,,,,,,,,,,,,,,,,,,,,,,,,,,,,,,,,,,,,,,,,,,,,,,,,,,,,,"['Agrarisch', 'Bos', 'Wonen', 'Groen']",Het voedselbos grenst aan natuur,,,[37138],Vojvodina,Boomgaard
,Zandgrond,15-60 centimeter onder het maaiveld,,2018,4,6000,20230716,,"['diameter: 6 ', 'hoogte: 220 ', 'boomklasse: Dit is een levende boom']",,,,,,,,,,,,,,,,,,,,,,,,,,,,,,,,,,,,,,,,,,,,,,,,,,,,,,,,,,,,,,,,,,,,,,158,,,,,,,,,,,,,,,,,,,,,,,,,,,,,,,,,,,,,,,,,,,,,,,,,,,,,,,,,,,,,,,,,,,,,,,,,,,,,,,,,,,,,,,,,,,,,,,,,,,,,,,,,['Agrarisch'],2 kilometer,,,[37482],Gelderland,Weiland
,"zavel, rivierklei met rivierzand",15 centimeter onder het maaiveld,,2018,4,300,20230711,,"['diameter: 15 ', 'hoogte: 400 ', 'boomklasse: Dit is een levende boom']",,,,,,,,,,,,,,,,,,,,,,,,,,,,,,,,,,,,,,,,,,,,,,,,,,,,,,,,,,,,,,,,,,,,,,1795,,,,,,,,,,,,,,,,,,,,,,,,,,,,,,,,,,,,,,,,,,,,,,,,,,,,,,,,,,,,,,,,,,,,,,,,,,,,,,,,,,,,,,,,,,,,,,,,,,,,,,,,,"['Agrarisch', 'biologische tuinderij']",2 kilometer,,,[1203],Overijssel,Weiland
,Kleigrond,dieper,,2021,1,25000,20230617,,"['diameter: 7 ', 'hoogte: 230 ', 'boomklasse: Dit is een levende boom']",,,,,,,,,,,,,,,,,,,,,,,,,,,,,,,,,,,,,,,,,,,,,,,,,,,,,,,,,,,,,,,,,,,,,,225,,,,,,,,,,,,,,,,,,,,,,,,,,,,,,,,,,,,,,,,,,,,,,,,,,,,,,,,,,,,,,,,,,,,,,,,,,,,,,,,,,,,,,,,,,,,,,,,,,,,,,,,,"['Natuur', '(Archeologische of landschappelijke) waarde']",Het voedselbos grenst aan natuur,,,[10904],Zuid-Holland,Bouw/kale grond
,Kleigrond,dieper,,2021,1,25000,20230617,,"['diameter: 1.5 ', 'hoogte: 130 ', 'boomklasse: Dit is een levende boom']",,,,,,,,,,,,,,,,,,,,,,,,,,,,,,,,,,,,,,,,,,,,,,,,,,,,,,,,,,,,,,,,,,,,,,6,,,,,,,,,,,,,,,,,,,,,,,,,,,,,,,,,,,,,,,,,,,,,,,,,,,,,,,,,,,,,,,,,,,,,,,,,,,,,,,,,,,,,,,,,,,,,,,,,,,,,,,,,"['Natuur', '(Archeologische of landschappelijke) waarde']",Het voedselbos grenst aan natuur,,,[10903],Zuid-Holland,Bouw/kale grond
,Kleigrond,dieper,,2021,1,25000,20230617,,,,,,,,,,,,,,,,,,,,,,,,,,,,,,,,,,,,,,,,,,,,,,,,,,,,,,,,,,,,,,,,,,,,,,,,139,,,,,,,,,,,,,,,,,,,,,,,,,,,,,,,,,,,,,,,,,,,,,,,,,,,,,,,,,,,,,,,,,,,,,,,,,,,,,,,"['diameter: 2.2 ', 'hoogte: 220 ', 'boomklasse: Dit is een levende boom']",,,,,,,,,,,"['diameter: 2.2 ', 'hoogte: 210 ', 'boomklasse: Dit is een levende boom']",,,,,,,,"['diameter: 3.3 ', 'hoogte: 230 ', 'boomklasse: Dit is een levende boom']","['diameter: 2.2 ', 'hoogte: 175 ', 'boomklasse: Dit is een levende boom']","['diameter: 2.4 ', 'hoogte: 285 ', 'boomklasse: Dit is een levende boom']",,,,,"['Natuur', '(Archeologische of landschappelijke) waarde']",Het voedselbos grenst aan natuur,,,[10900],Zuid-Holland,Bouw/kale grond
,Kleigrond,dieper,,2021,1,25000,20230617,,,,,,,,,,,,,,,,,,,,,,,,"['diameter: 1.9 ', 'hoogte: 158 ', 'boomklasse: Dit is een levende boom']",,,,,"['diameter: 2.5 ', 'hoogte: 250 ', 'boomklasse: Dit is een levende boom']",,,,,,,,,"['diameter: 1.9 ', 'hoogte: 140 ', 'boomklasse: Dit is een levende boom']",,,,,,,,,,,,,,,,,,,,,,,,,,,,,,,,,,81,,,,,,,,,,,,,,,,,,,,"['diameter: 2.54 ', 'hoogte: 150 ', 'boomklasse: Dit is een levende boom']",,,,"['diameter: 1.9 ', 'hoogte: 166 ', 'boomklasse: Dit is een levende boom']",,,,,,,,,,,,,,,,,,,,,,,,,,,,,,,,,,,,,,,,,,,,,,,,,,,,,,,,,,,,,,,,,,,,,,,,,,,,,,,,,"['Natuur', '(Archeologische of landschappelijke) waarde']",Het voedselbos grenst aan natuur,,,[10901],Zuid-Holland,Bouw/kale grond
,Kleigrond,dieper,,2021,3,25000,20230617,,,,,,,,,,,,,"['diameter: 1.6 ', 'hoogte: 160 ', 'boomklasse: Dit is een levende boom']",,,,,,,,,,,"['diameter: 2 ', 'hoogte: 130 ', 'boomklasse: Dit is een levende boom']",,,,,,,,,,,,,,,,,,,,,,,,,,,,,,,,,,,,,,,,,,,,,,,,419,,,,,,,,,,,,,,,,,,,,"['diameter: 9 ', 'hoogte: 430 ', 'boomklasse: Dit is een levende boom']",,,,,,,,,,,,,,,,,,,,,,,,,,,,,,,,,,,,,,,,,,,,,,,,,,,,,,,,,,,,,,,,,,,,,,,,,,,,,,,,,,,,,"['Natuur', '(Archeologische of landschappelijke) waarde']",Het voedselbos grenst aan natuur,,,[10902],Zuid-Holland,Bouw/kale grond
,Zandgrond,dieper,,2023,0.25,26.000,20230609,,"['diameter: 2 ', 'hoogte: 140 ', 'boomklasse: Dit is een levende boom']",,,,,,,,,,,,,,,,,,,,,,,,,,,,,,,,,,,,,,,,,,,,,,,,,,,,,,,,,,,,,,,,,,,,,,23,,,,,,,,,,,,,,,,,,,,,,,,,,,,,,,,,,,,,,,,,,,,,,,,,,,,,,,,,,,,,,,,,,,,,,,,,,,,,,,,,,,,,,,,,,"['diameter: 1.7 ', 'hoogte: 200 ', 'boomklasse: Dit is een levende boom']",,,,,,,,,,,,,,,"['Agrarisch', 'Bos', 'Recreatie']",Het voedselbos grenst aan natuur,,,[37021],Gelderland,Akkerbouw
,Zandgrond,dieper,,2023,0.25,26.000,20230609,,,,,,,,,,,,,,,,,,,,,,,,,,,,,,,,,,,,,,,,,,,,,,,,,,,,,,,,,,,,,,,,,,,,,,,,10,,,,,,,,,,,,,,,,,,,,,,,,,,,,,,,,,,,,,,,,,,,,,,,,,,,,,,,,,,,,,,,,,,,,,,,,,,,,,,,"['diameter: 1 ', 'hoogte: 200 ', 'boomklasse: Dit is een levende boom']",,,,,,,,,,,"['diameter: 1 ', 'hoogte: 200 ', 'boomklasse: Dit is een levende boom']",,,,,,,,"['diameter: 0.5 ', 'hoogte: 180 ', 'boomklasse: Dit is een levende boom']","['diameter: 0.5 ', 'hoogte: 180 ', 'boomklasse: Dit is een levende boom']","['diameter: 0.5 ', 'hoogte: 180 ', 'boomklasse: Dit is een dode boom']",,,,,"['Agrarisch', 'Bos', 'Recreatie']",Het voedselbos grenst aan natuur,,,[37019],Gelderland,Akkerbouw
,Zandgrond,60-120 centimeter onder het maaiveld,,2018,3,20000,20230128,,,,,,,,,,,,,,,,,,,,,,,,,,,,,,,,,,,,,,,,,,,,,,,,,,,,,,,,,,,,,,,,,,,,,,,,599319,,"['diameter: 16 ', 'hoogte: 1200 ', 'boomklasse: Dit is een levende boom']",,,"['diameter: 16 ', 'hoogte: 1200 ', 'boomklasse: Dit is een levende boom']",,"['diameter: 50 ', 'hoogte: 2900 ', 'boomklasse: Dit is een levende boom']","['diameter: 50 ', 'hoogte: 2900 ', 'boomklasse: Dit is een levende boom']",,,,,,"['diameter: 34 ', 'hoogte: 2100 ', 'boomklasse: Dit is een dode boom']","['diameter: 34 ', 'hoogte: 2100 ', 'boomklasse: Dit is een levende boom']","['diameter: 34 ', 'hoogte: 2190 ', 'boomklasse: Dit is een dode boom']","['diameter: 16 ', 'hoogte: 1200 ', 'boomklasse: Dit is een levende boom']","['diameter: 16 ', 'hoogte: 1200 ', 'boomklasse: Dit is een levende boom']","['diameter: 16 ', 'hoogte: 1200 ', 'boomklasse: Dit is een levende boom']",,,,,,,,,,,,,,,,,,,,"['diameter: 34 ', 'hoogte: 2100 ', 'boomklasse: Dit is een levende boom']",,"['diameter: 16 ', 'hoogte: 1200 ', 'boomklasse: Dit is een levende boom']","['diameter: 16 ', 'hoogte: 1200 ', 'boomklasse: Dit is een levende boom']",,"['diameter: 16 ', 'hoogte: 1200 ', 'boomklasse: Dit is een levende boom']",,,"['diameter: 50 ', 'hoogte: 2900 ', 'boomklasse: Dit is een levende boom']",,"['diameter: 34 ', 'hoogte: 2100 ', 'boomklasse: Dit is een levende boom']",,,,,,"['diameter: 34 ', 'hoogte: 2100 ', 'boomklasse: Dit is een levende boom']",,,,,,,,,,,,,,,,,,,,,,,,,,,,,,,,,,,,,,,,,,,,,,,,,,"['Agrarisch', 'Bos', 'Natuur']",Het voedselbos grenst aan natuur,,,[30360],Noord-Brabant,Gemengd bos
,Veen,15-60 centimeter onder het maaiveld,,2015,5,8000,20241118,,,,,,,,,,,,,,,,,,,,,,,,,,,,,,,,,,,,,,,,,,,,,,,,,,,,,,,,,,,,,,,,,,,,,,,,6113,,,,,,,,,,,,,,,,,,,,"['diameter: 8 ', 'hoogte: 680 ', 'boomklasse: Dit is een levende boom']",,,,,,,,,,,,,,,,,,,,,,,,,,,,,"['diameter: 18 ', 'hoogte: 900 ', 'boomklasse: Dit is een levende boom']",,,,,,,,,,,,,,,,,,,,,,,,,,,,,,,,,,,,,,,,,,,,,,,,,,,,,,,,"['Recreatie', 'Groen', 'Natuur']",Het voedselbos grenst aan natuur,,,[44834],Zuid-Holland,Weiland
,70 cm klei op veen,15-60 centimeter onder het maaiveld,,2023,5,10000,20240706,,"['diameter: 19 ', 'hoogte: 700 ', 'boomklasse: Dit is een levende boom']","['diameter: 26 ', 'hoogte: 850 ', 'boomklasse: Dit is een levende boom']","['diameter: 16 ', 'hoogte: 750 ', 'boomklasse: Dit is een levende boom']","['diameter: 23 ', 'hoogte: 750 ', 'boomklasse: Dit is een levende boom']","['diameter: 24 ', 'hoogte: 950 ', 'boomklasse: Dit is een levende boom']","['diameter: 31 ', 'hoogte: 800 ', 'boomklasse: Dit is een levende boom']","['diameter: 28 ', 'hoogte: 800 ', 'boomklasse: Dit is een levende boom']","['diameter: 28 ', 'hoogte: 650 ', 'boomklasse: Dit is een levende boom']","['diameter: 14 ', 'hoogte: 650 ', 'boomklasse: Dit is een levende boom']","['diameter: 12 ', 'hoogte: 600 ', 'boomklasse: Dit is een levende boom']",,"['diameter: 15 ', 'hoogte: 700 ', 'boomklasse: Dit is een levende boom']","['diameter: 34 ', 'hoogte: 1100 ', 'boomklasse: Dit is een levende boom']","['diameter: 29 ', 'hoogte: 1000 ', 'boomklasse: Dit is een levende boom']","['diameter: 26 ', 'hoogte: 1050 ', 'boomklasse: Dit is een levende boom']","['diameter: 15 ', 'hoogte: 600 ', 'boomklasse: Dit is een levende boom']","['diameter: 14 ', 'hoogte: 650 ', 'boomklasse: Dit is een levende boom']","['diameter: 17 ', 'hoogte: 650 ', 'boomklasse: Dit is een levende boom']","['diameter: 17 ', 'hoogte: 700 ', 'boomklasse: Dit is een levende boom']","['diameter: 25 ', 'hoogte: 700 ', 'boomklasse: Dit is een levende boom']","['diameter: 19 ', 'hoogte: 750 ', 'boomklasse: Dit is een levende boom']","['diameter: 18 ', 'hoogte: 650 ', 'boomklasse: Dit is een levende boom']","['diameter: 17 ', 'hoogte: 800 ', 'boomklasse: Dit is een levende boom']","['diameter: 22 ', 'hoogte: 750 ', 'boomklasse: Dit is een levende boom']","['diameter: 22 ', 'hoogte: 650 ', 'boomklasse: Dit is een levende boom']",,,"['diameter: 18 ', 'hoogte: 950 ', 'boomklasse: Dit is een levende boom']","['diameter: 18 ', 'hoogte: 700 ', 'boomklasse: Dit is een levende boom']","['diameter: 25 ', 'hoogte: 850 ', 'boomklasse: Dit is een levende boom']","['diameter: 28 ', 'hoogte: 1000 ', 'boomklasse: Dit is een levende boom']","['diameter: 30 ', 'hoogte: 900 ', 'boomklasse: Dit is een levende boom']","['diameter: 23 ', 'hoogte: 800 ', 'boomklasse: Dit is een levende boom']","['diameter: 25 ', 'hoogte: 950 ', 'boomklasse: Dit is een levende boom']","['diameter: 11 ', 'hoogte: 500 ', 'boomklasse: Dit is een levende boom']","['diameter: 17 ', 'hoogte: 800 ', 'boomklasse: Dit is een levende boom']","['diameter: 20 ', 'hoogte: 650 ', 'boomklasse: Dit is een levende boom']",,,,,,"['diameter: 11 ', 'hoogte: 600 ', 'boomklasse: Dit is een levende boom']","['diameter: 34 ', 'hoogte: 1000 ', 'boomklasse: Dit is een levende boom']","['diameter: 32 ', 'hoogte: 950 ', 'boomklasse: Dit is een levende boom']",,,,,,,,,,,,,,,,,,,,,,,,,,356076,,,,,,,,,,,,,,,,,,,,,,,"['diameter: 11 ', 'hoogte: 600 ', 'boomklasse: Dit is een levende boom']",,,"['diameter: 16 ', 'hoogte: 900 ', 'boomklasse: Dit is een levende boom']","['diameter: 13 ', 'hoogte: 700 ', 'boomklasse: Dit is een levende boom']","['diameter: 20 ', 'hoogte: 900 ', 'boomklasse: Dit is een levende boom']","['diameter: 13 ', 'hoogte: 700 ', 'boomklasse: Dit is een levende boom']","['diameter: 14 ', 'hoogte: 650 ', 'boomklasse: Dit is een levende boom']","['diameter: 15 ', 'hoogte: 850 ', 'boomklasse: Dit is een levende boom']","['diameter: 17 ', 'hoogte: 900 ', 'boomklasse: Dit is een levende boom']","['diameter: 15 ', 'hoogte: 800 ', 'boomklasse: Dit is een levende boom']",,"['diameter: 15 ', 'hoogte: 900 ', 'boomklasse: Dit is een levende boom']","['diameter: 13 ', 'hoogte: 900 ', 'boomklasse: Dit is een levende boom']",,"['diameter: 36 ', 'hoogte: 850 ', 'boomklasse: Dit is een levende boom']",,,,,,,,,,,,,,,,,,,,,,,,,,,,,,,,,,,,,,,,,,,,,,,,,,,,,,,,,,,,,,,,,,,['Recreatie'],meer dan 2 kilometer,,,[42466],Noord-Holland,Boomgaard
,Zandgrond,15 centimeter onder het maaiveld,,2022,4,20000,20240628,,"['diameter: 3 ', 'hoogte: 300 ', 'boomklasse: Dit is een levende boom']",,,,"['diameter: 2.3 ', 'hoogte: 250 ', 'boomklasse: Dit is een levende boom']",,"['diameter: 0.8 ', 'hoogte: 175 ', 'boomklasse: Dit is een levende boom']",,,,,"['diameter: 1.5 ', 'hoogte: 180 ', 'boomklasse: Dit is een levende boom']",,,,,,,,,,,,,,,,"['diameter: 1 ', 'hoogte: 150 ', 'boomklasse: Dit is een levende boom']",,,,,,,,,,,,,,,,"['diameter: 4 ', 'hoogte: 230 ', 'boomklasse: Dit is een levende boom']",,,,"['diameter: 0.7 ', 'hoogte: 160 ', 'boomklasse: Dit is een levende boom']",,,,,,,,,,,,,,,,,,,,,,,620,,,,,,,,,,,,,,,,,,,,,,,,,,,,,,,,,,,,,"['diameter: 0.8 ', 'hoogte: 150 ', 'boomklasse: Dit is een levende boom']",,,,,,,,,,,,,,,,,,,,,,,,,,,,,,,,,,,,,,,,"['diameter: 1.5 ', 'hoogte: 250 ', 'boomklasse: Dit is een levende boom']","['diameter: 3.3 ', 'hoogte: 320 ', 'boomklasse: Dit is een levende boom']",,"['diameter: 4.5 ', 'hoogte: 130 ', 'boomklasse: Dit is een levende boom']","['diameter: 3 ', 'hoogte: 185 ', 'boomklasse: Dit is een levende boom']",,,"['diameter: 4 ', 'hoogte: 200 ', 'boomklasse: Dit is een levende boom']",,,,,,,,,,,,,,"['diameter: 4.5 ', 'hoogte: 175 ', 'boomklasse: Dit is een levende boom']",,,"['diameter: 6.5 ', 'hoogte: 130 ', 'boomklasse: Dit is een levende boom']",,,,['Agrarisch'],Het voedselbos grenst aan natuur,,,[42565],Noord-Brabant,Weiland
,Zandgrond,15 centimeter onder het maaiveld,,2022,4,20000,20240628,,"['diameter: 3 ', 'hoogte: 350 ', 'boomklasse: Dit is een levende boom']","['diameter: 1.5 ', 'hoogte: 300 ', 'boomklasse: Dit is een levende boom']","['diameter: 1.5 ', 'hoogte: 300 ', 'boomklasse: Dit is een levende boom']",,,,,,,,,"['diameter: 2.5 ', 'hoogte: 220 ', 'boomklasse: Dit is een levende boom']",,,,,,,,,,,,,,,,,,,,,,,,,"['diameter: 1.2 ', 'hoogte: 175 ', 'boomklasse: Dit is een levende boom']",,,,,,,"['diameter: 0.5 ', 'hoogte: 175 ', 'boomklasse: Dit is een levende boom']","['diameter: 1.8 ', 'hoogte: 300 ', 'boomklasse: Dit is een levende boom']",,,,,,,,,,,,,,,,,,,,,,,,,,220,,,,,,,,,,,,,,"['diameter: 0.7 ', 'hoogte: 130 ', 'boomklasse: Dit is een levende boom']",,,,,,,,,,,,,,,,,,,,,,,,,,,,,,,,,,,,,,,,,"['diameter: 0.6 ', 'hoogte: 130 ', 'boomklasse: Dit is een levende boom']",,,,,,,,,,,,,,,,,,,,"['diameter: 3.6 ', 'hoogte: 400 ', 'boomklasse: Dit is een levende boom']",,,"['diameter: 2.7 ', 'hoogte: 175 ', 'boomklasse: Dit is een levende boom']",,,,"['diameter: 0.8 ', 'hoogte: 200 ', 'boomklasse: Dit is een levende boom']",,,,,,,,,,,,,,,,,,,,,,,['Agrarisch'],Het voedselbos grenst aan natuur,,,[42584],Noord-Brabant,Weiland
,Kleigrond,60-120 centimeter onder het maaiveld,,2024,-2,4000,20240608,,"['diameter: 5 ', 'hoogte: 130 ', 'boomklasse: Dit is een levende boom']",,,,,,,,,,,"['diameter: 5 ', 'hoogte: 130 ', 'boomklasse: Dit is een levende boom']",,,,,,,,,,,,,,,,,,,,,,,,,,,,,,,,,,,,,,,,,,,,,,,,,,,,,,,,,,,130,,,,,,,,,,,,,,,,,,,,,,,,,,,,,,,,,,,,,,,,,,,,,,,,,,,,,,,,,,,,,,,,,,,,,,,,,,,,,,,,,,,,,,,,,,,,,,,,,,,,,,,,,['Agrarisch'],Het voedselbos grenst aan natuur,,,[42207],Île-de-France,Akkerbouw
,leem,15 centimeter onder het maaiveld,,2016,6,2500,20240129,,,,,,,,,,,,,"['diameter: 6.85 ', 'hoogte: 500 ', 'boomklasse: Dit is een levende boom']",,,,,,,,,,,"['diameter: 4.46 ', 'hoogte: 3500 ', 'boomklasse: Dit is een levende boom']",,,,,"['diameter: 3.82 ', 'hoogte: 3500 ', 'boomklasse: Dit is een levende boom']",,,,,,,,,"['diameter: 2.86 ', 'hoogte: 300 ', 'boomklasse: Dit is een levende boom']",,,,,,"['diameter: 3.18 ', 'hoogte: 300 ', 'boomklasse: Dit is een levende boom']",,,,,,,,,,,,,,,,,,,,,,,,,,,,5775,,,,,,,,,,,,,,,,,,,,"['diameter: 10 ', 'hoogte: 600 ', 'boomklasse: Dit is een levende boom']",,,,,,,,,,,,,,,,,,,,,,,,,,,,,,,,,,,,,,,,,,,,,,,,,,,,,,,,,,,,,,,,,,,,,,,,,,,,,,,,,,,,,['Agrarisch'],"0,5 kilometer",,,[10717],Vlaanderen,Weiland
